ROW ID,TYPE,TYPE SORT RANK,WEIGHT CLASS,WEIGHT CLASS SORT RANK,CATEGORY,CAT SORT RANK,SUB CATEGORY,SUB CAT SORT RANK,PRODUCT PAGE ID,PRODUCT PAGE NAME,SUB DESCRIPTION,PART#,FRAME,PART LEVEL DESCRIPTION,WIDTH,CAPACITY,TEETH / TINE QTY,EST WEIGHT (LBS.),CUTTING EDGE,Make 1,Make 2,Make 3,Make 4,Make 5,Make 6,Make 7,Make 8,Make 9,Make 10,Make 11,Make 12,Make 13,Make 14,Make 15,Make 16,Make 17,Make 18,Make 19,Make 20,Make 21,Make 22,Make 23,Make 24,Make 25,Make 26,Make 27,Make 28,Make 29,Make 30,Make 31
1990,Wheel Loader,6,Wheel Loader,19,Forks,W4,Hyd Construction,Wlr-4-2,64,Wheel Loader Hydraulic Construction Forks,Wheel Loader Hydraulic Construction Forks,P700CF10672H - QC700CF10672H,,"Class 700 106"" HYD Construction Fork, Tines: 3.5"" X 8"" X 72""","106""",,"3.5"" x 8"" x 72""",3300,,Case,Caterpillar,Doosan,Dresser,Fiat Allis,Ford,Hitachi,Hyundai,JCB,John Deere,Komatsu,Kubota,Link-Belt,Liugong,Mitsubishi,New Holland,Samsung,Sany,Terex,Vermeer,Volvo,Wacker-Neuson,Yanmar,,,,,,,,
1991,Wheel Loader,6,Wheel Loader,19,Forks,W4,Hyd Construction,Wlr-4-2,64,Wheel Loader Hydraulic Construction Forks,Wheel Loader Hydraulic Construction Forks,P700CF10684H - QC700CF10684H,,"Class 700 106"" HYD Construction Fork, Tines: 3.5"" X 8"" X 84""","106""",,"3.5"" x 8"" x 84""",3500,,Case,Caterpillar,Doosan,Dresser,Fiat Allis,Ford,Hitachi,Hyundai,JCB,John Deere,Komatsu,Kubota,Link-Belt,Liugong,Mitsubishi,New Holland,Samsung,Sany,Terex,Vermeer,Volvo,Wacker-Neuson,Yanmar,,,,,,,,
1992,Wheel Loader,6,Wheel Loader,19,Forks,W4,Hyd Construction,Wlr-4-2,64,Wheel Loader Hydraulic Construction Forks,Wheel Loader Hydraulic Construction Forks,P700CF10696H - QC700CF10696H,,"Class 700 106"" HYD Construction Fork, Tines: 3.5"" X 8"" X 96""","106""",,"3.5"" x 8"" x 96""",3700,,Case,Caterpillar,Doosan,Dresser,Fiat Allis,Ford,Hitachi,Hyundai,JCB,John Deere,Komatsu,Kubota,Link-Belt,Liugong,Mitsubishi,New Holland,Samsung,Sany,Terex,Vermeer,Volvo,Wacker-Neuson,Yanmar,,,,,,,,
1993,Wheel Loader,6,Wheel Loader,19,Forks,W4,ITA Style Pallet,Wlr-4-3,65,Wheel Loader ITA Style Pallet Forks,Wheel Loader ITA Style Pallet Forks,N/A - QC100UPF4848,,"Class 100 48"" Ita Style Pallet Fork, Tines: 1.75"" X 4"" X 48""","48""",,"1.75"" x 4"" x 48""",750,,Case,Caterpillar,Doosan,Dresser,Fiat Allis,Ford,Hitachi,Hyundai,JCB,John Deere,Komatsu,Kubota,Link-Belt,Liugong,Mitsubishi,New Holland,Samsung,Sany,Terex,Vermeer,Volvo,Wacker-Neuson,Yanmar,,,,,,,,
1994,Wheel Loader,6,Wheel Loader,19,Forks,W4,ITA Style Pallet,Wlr-4-3,65,Wheel Loader ITA Style Pallet Forks,Wheel Loader ITA Style Pallet Forks,N/A - QC100UPF4860,,"Class 100 48"" Ita Style Pallet Fork, Tines: 1.75"" X 4"" X 48""","48""",,"1.75"" x 4"" x 48""",790,,Case,Caterpillar,Doosan,Dresser,Fiat Allis,Ford,Hitachi,Hyundai,JCB,John Deere,Komatsu,Kubota,Link-Belt,Liugong,Mitsubishi,New Holland,Samsung,Sany,Terex,Vermeer,Volvo,Wacker-Neuson,Yanmar,,,,,,,,
1995,Wheel Loader,6,Wheel Loader,19,Forks,W4,ITA Style Pallet,Wlr-4-3,65,Wheel Loader ITA Style Pallet Forks,Wheel Loader ITA Style Pallet Forks,N/A - QC300UPF6048,,"Class 300 60"" Ita Style Pallet Fork, Tines: 2.00"" X 5"" X 48""","60""",,"2.00"" x 5"" x 48""",880,,Case,Caterpillar,Doosan,Dresser,Fiat Allis,Ford,Hitachi,Hyundai,JCB,John Deere,Komatsu,Kubota,Link-Belt,Liugong,Mitsubishi,New Holland,Samsung,Sany,Terex,Vermeer,Volvo,Wacker-Neuson,Yanmar,,,,,,,,
1996,Wheel Loader,6,Wheel Loader,19,Forks,W4,ITA Style Pallet,Wlr-4-3,65,Wheel Loader ITA Style Pallet Forks,Wheel Loader ITA Style Pallet Forks,N/A - QC300UPF6060,,"Class 300 60"" Ita Style Pallet Fork, Tines: 2.00"" X 5"" X 60""","60""",,"2.00"" x 5"" x 60""",950,,Case,Caterpillar,Doosan,Dresser,Fiat Allis,Ford,Hitachi,Hyundai,JCB,John Deere,Komatsu,Kubota,Link-Belt,Liugong,Mitsubishi,New Holland,Samsung,Sany,Terex,Vermeer,Volvo,Wacker-Neuson,Yanmar,,,,,,,,
1997,Wheel Loader,6,Wheel Loader,19,Forks,W4,ITA Style Pallet,Wlr-4-3,65,Wheel Loader ITA Style Pallet Forks,Wheel Loader ITA Style Pallet Forks,N/A - QC500UPF6060,,"Class 500 60"" Ita Style Pallet Fork, Tines: 2.50"" X 6"" X 60""","60""",,"2.50"" x 6"" x 60""",1250,,Case,Caterpillar,Doosan,Dresser,Fiat Allis,Ford,Hitachi,Hyundai,JCB,John Deere,Komatsu,Kubota,Link-Belt,Liugong,Mitsubishi,New Holland,Samsung,Sany,Terex,Vermeer,Volvo,Wacker-Neuson,Yanmar,,,,,,,,
1998,Wheel Loader,6,Wheel Loader,19,Forks,W4,ITA Style Pallet,Wlr-4-3,65,Wheel Loader ITA Style Pallet Forks,Wheel Loader ITA Style Pallet Forks,N/A - QC500UPF9672,,"Class 500 96"" Ita Style Pallet Fork, Tines: 2.50"" X 6"" X 72""","96""",,"2.50"" x 6"" x 72""",1350,,Case,Caterpillar,Doosan,Dresser,Fiat Allis,Ford,Hitachi,Hyundai,JCB,John Deere,Komatsu,Kubota,Link-Belt,Liugong,Mitsubishi,New Holland,Samsung,Sany,Terex,Vermeer,Volvo,Wacker-Neuson,Yanmar,,,,,,,,
1999,Wheel Loader,6,Wheel Loader,19,Forks,W4,ITA Style Pallet,Wlr-4-3,65,Wheel Loader ITA Style Pallet Forks,Wheel Loader ITA Style Pallet Forks,N/A - QC600UPF9672,,"Class 600 96"" Ita Style Pallet Fork, Tines: 3.00"" X 7"" X 72""","96""",,"3.00"" x 7"" x 72""",2500,,Case,Caterpillar,Doosan,Dresser,Fiat Allis,Ford,Hitachi,Hyundai,JCB,John Deere,Komatsu,Kubota,Link-Belt,Liugong,Mitsubishi,New Holland,Samsung,Sany,Terex,Vermeer,Volvo,Wacker-Neuson,Yanmar,,,,,,,,
2000,Wheel Loader,6,Wheel Loader,19,Forks,W4,Bucket Kit,Wlr-4-4,66,Wheel Loader Bucket Kit Forks,Wheel Loader Bucket Kit Forks,100BFK4848 - 100BFK4848,,"Class 100 72"" Bucket Kit Fork, Tines: 1.5"" X 4"" X 48""H X 48""L","72""",,"1.5"" x 4"" x 48""H x 48""L",500,,Case,Caterpillar,Doosan,Dresser,Fiat Allis,Ford,Hitachi,Hyundai,JCB,John Deere,Komatsu,Kubota,Link-Belt,Liugong,Mitsubishi,New Holland,Samsung,Sany,Terex,Vermeer,Volvo,Wacker-Neuson,Yanmar,,,,,,,,
2001,Wheel Loader,6,Wheel Loader,19,Forks,W4,Bucket Kit,Wlr-4-4,66,Wheel Loader Bucket Kit Forks,Wheel Loader Bucket Kit Forks,500BFK6072 - 500BFK6072,,"Class 200 84"" Bucket Kit Fork, Tines: 2.0"" X 5"" X 72""H X 60""L","84""",,"2.0"" x 5"" x 72""H x 60""L",800,,Case,Caterpillar,Doosan,Dresser,Fiat Allis,Ford,Hitachi,Hyundai,JCB,John Deere,Komatsu,Kubota,Link-Belt,Liugong,Mitsubishi,New Holland,Samsung,Sany,Terex,Vermeer,Volvo,Wacker-Neuson,Yanmar,,,,,,,,
2002,Wheel Loader,6,Wheel Loader,19,Forks,W4,Bucket Kit,Wlr-4-4,66,Wheel Loader Bucket Kit Forks,Wheel Loader Bucket Kit Forks,500BFK6072 - 500BFK6072,,"Class 300 84"" Bucket Kit Fork, Tines: 2.0"" X 5"" X 72""H X 60""L","84""",,"2.0"" x 5"" x 72""H x 60""L",800,,Case,Caterpillar,Doosan,Dresser,Fiat Allis,Ford,Hitachi,Hyundai,JCB,John Deere,Komatsu,Kubota,Link-Belt,Liugong,Mitsubishi,New Holland,Samsung,Sany,Terex,Vermeer,Volvo,Wacker-Neuson,Yanmar,,,,,,,,
2003,Wheel Loader,6,Wheel Loader,19,Forks,W4,Bucket Kit,Wlr-4-4,66,Wheel Loader Bucket Kit Forks,Wheel Loader Bucket Kit Forks,500BFK6072 - 500BFK6072,,"Class 500 84"" Bucket Kit Fork, Tines: 2.0"" X 5"" X 72""H X 60""L","84""",,"2.0"" x 5"" x 72""H x 60""L",800,,Case,Caterpillar,Doosan,Dresser,Fiat Allis,Ford,Hitachi,Hyundai,JCB,John Deere,Komatsu,Kubota,Link-Belt,Liugong,Mitsubishi,New Holland,Samsung,Sany,Terex,Vermeer,Volvo,Wacker-Neuson,Yanmar,,,,,,,,
2004,Wheel Loader,6,Wheel Loader,19,Forks,W4,Bucket Kit,Wlr-4-4,66,Wheel Loader Bucket Kit Forks,Wheel Loader Bucket Kit Forks,600BFK6072 - 600BFK6072,,"Class 600 84"" Bucket Kit Fork, Tines: 2.5"" X 6"" X 72""H X 60""L","84""",,"2.5"" x 6"" x 72""H x 60""L",1300,,Case,Caterpillar,Doosan,Dresser,Fiat Allis,Ford,Hitachi,Hyundai,JCB,John Deere,Komatsu,Kubota,Link-Belt,Liugong,Mitsubishi,New Holland,Samsung,Sany,Terex,Vermeer,Volvo,Wacker-Neuson,Yanmar,,,,,,,,
2005,Wheel Loader,6,Wheel Loader,19,Forks,W4,Log & Lumber,Wlr-4-5,67,Wheel Loader Log & Lumber Forks,Wheel Loader Log & Lumber Forks,P100LF6048 - QC100LF6048,,"Class 100 60"" Log & Lumber Fork, Tines: 2.5"" X 6"" X 48""","60""",,"2.5"" x 6"" x 48""",1190,,Case,Caterpillar,Doosan,Dresser,Fiat Allis,Ford,Hitachi,Hyundai,JCB,John Deere,Komatsu,Kubota,Link-Belt,Liugong,Mitsubishi,New Holland,Samsung,Sany,Terex,Vermeer,Volvo,Wacker-Neuson,Yanmar,,,,,,,,
2006,Wheel Loader,6,Wheel Loader,19,Forks,W4,Log & Lumber,Wlr-4-5,67,Wheel Loader Log & Lumber Forks,Wheel Loader Log & Lumber Forks,P200LF8048 - QC200LF8048,,"Class 200 80"" Log & Lumber Fork, Tines: 2.5"" X 6"" X 48""","80""",,"2.5"" x 6"" x 48""",1485,,Case,Caterpillar,Doosan,Dresser,Fiat Allis,Ford,Hitachi,Hyundai,JCB,John Deere,Komatsu,Kubota,Link-Belt,Liugong,Mitsubishi,New Holland,Samsung,Sany,Terex,Vermeer,Volvo,Wacker-Neuson,Yanmar,,,,,,,,
2007,Wheel Loader,6,Wheel Loader,19,Forks,W4,Log & Lumber,Wlr-4-5,67,Wheel Loader Log & Lumber Forks,Wheel Loader Log & Lumber Forks,P200LF8060 - QC200LF8060,,"Class 200 80"" Log & Lumber Fork, Tines: 2.5"" X 6"" X 60""","80""",,"2.5"" x 6"" x 60""",1585,,Case,Caterpillar,Doosan,Dresser,Fiat Allis,Ford,Hitachi,Hyundai,JCB,John Deere,Komatsu,Kubota,Link-Belt,Liugong,Mitsubishi,New Holland,Samsung,Sany,Terex,Vermeer,Volvo,Wacker-Neuson,Yanmar,,,,,,,,
2008,Wheel Loader,6,Wheel Loader,19,Forks,W4,Log & Lumber,Wlr-4-5,67,Wheel Loader Log & Lumber Forks,Wheel Loader Log & Lumber Forks,P200LF8072 - QC200LF8072,,"Class 200 80"" Log & Lumber Fork, Tines: 2.5"" X 6"" X 72""","80""",,"2.5"" x 6"" x 72""",1685,,Case,Caterpillar,Doosan,Dresser,Fiat Allis,Ford,Hitachi,Hyundai,JCB,John Deere,Komatsu,Kubota,Link-Belt,Liugong,Mitsubishi,New Holland,Samsung,Sany,Terex,Vermeer,Volvo,Wacker-Neuson,Yanmar,,,,,,,,
2009,Wheel Loader,6,Wheel Loader,19,Forks,W4,Log & Lumber,Wlr-4-5,67,Wheel Loader Log & Lumber Forks,Wheel Loader Log & Lumber Forks,P200LF8084 - QC200LF8084,,"Class 200 80"" Log & Lumber Fork, Tines: 2.5"" X 6"" X 84""","80""",,"2.5"" x 6"" x 84""",1785,,Case,Caterpillar,Doosan,Dresser,Fiat Allis,Ford,Hitachi,Hyundai,JCB,John Deere,Komatsu,Kubota,Link-Belt,Liugong,Mitsubishi,New Holland,Samsung,Sany,Terex,Vermeer,Volvo,Wacker-Neuson,Yanmar,,,,,,,,
2010,Wheel Loader,6,Wheel Loader,19,Forks,W4,Log & Lumber,Wlr-4-5,67,Wheel Loader Log & Lumber Forks,Wheel Loader Log & Lumber Forks,P300/500LF8048 - QC300/500LF8048,,"Class 300 80"" Log & Lumber Fork, Tines: 3.0"" X 7""   X 48""","80""",,"3.0"" x 7""   x 48""",1655,,Case,Caterpillar,Doosan,Dresser,Fiat Allis,Ford,Hitachi,Hyundai,JCB,John Deere,Komatsu,Kubota,Link-Belt,Liugong,Mitsubishi,New Holland,Samsung,Sany,Terex,Vermeer,Volvo,Wacker-Neuson,Yanmar,,,,,,,,
2011,Wheel Loader,6,Wheel Loader,19,Forks,W4,Log & Lumber,Wlr-4-5,67,Wheel Loader Log & Lumber Forks,Wheel Loader Log & Lumber Forks,P300/500LF8048 - QC300/500LF8048,,"Class 500 80"" Log & Lumber Fork, Tines: 3.0"" X 7""   X 48""","80""",,"3.0"" x 7""   x 48""",1655,,Case,Caterpillar,Doosan,Dresser,Fiat Allis,Ford,Hitachi,Hyundai,JCB,John Deere,Komatsu,Kubota,Link-Belt,Liugong,Mitsubishi,New Holland,Samsung,Sany,Terex,Vermeer,Volvo,Wacker-Neuson,Yanmar,,,,,,,,
2012,Wheel Loader,6,Wheel Loader,19,Forks,W4,Log & Lumber,Wlr-4-5,67,Wheel Loader Log & Lumber Forks,Wheel Loader Log & Lumber Forks,P300/500LF8060 - QC300/500LF8060,,"Class 300 80"" Log & Lumber Fork, Tines: 3.0"" X 7""   X 60""","80""",,"3.0"" x 7""   x 60""",1805,,Case,Caterpillar,Doosan,Dresser,Fiat Allis,Ford,Hitachi,Hyundai,JCB,John Deere,Komatsu,Kubota,Link-Belt,Liugong,Mitsubishi,New Holland,Samsung,Sany,Terex,Vermeer,Volvo,Wacker-Neuson,Yanmar,,,,,,,,
2013,Wheel Loader,6,Wheel Loader,19,Forks,W4,Log & Lumber,Wlr-4-5,67,Wheel Loader Log & Lumber Forks,Wheel Loader Log & Lumber Forks,P300/500LF8060 - QC300/500LF8060,,"Class 500 80"" Log & Lumber Fork, Tines: 3.0"" X 7""   X 60""","80""",,"3.0"" x 7""   x 60""",1805,,Case,Caterpillar,Doosan,Dresser,Fiat Allis,Ford,Hitachi,Hyundai,JCB,John Deere,Komatsu,Kubota,Link-Belt,Liugong,Mitsubishi,New Holland,Samsung,Sany,Terex,Vermeer,Volvo,Wacker-Neuson,Yanmar,,,,,,,,
2014,Wheel Loader,6,Wheel Loader,19,Forks,W4,Log & Lumber,Wlr-4-5,67,Wheel Loader Log & Lumber Forks,Wheel Loader Log & Lumber Forks,P300/500LF8072 - QC300/500LF8072,,"Class 300 80"" Log & Lumber Fork, Tines: 3.0"" X 7""   X 72""","80""",,"3.0"" x 7""   x 72""",1955,,Case,Caterpillar,Doosan,Dresser,Fiat Allis,Ford,Hitachi,Hyundai,JCB,John Deere,Komatsu,Kubota,Link-Belt,Liugong,Mitsubishi,New Holland,Samsung,Sany,Terex,Vermeer,Volvo,Wacker-Neuson,Yanmar,,,,,,,,
2015,Wheel Loader,6,Wheel Loader,19,Forks,W4,Log & Lumber,Wlr-4-5,67,Wheel Loader Log & Lumber Forks,Wheel Loader Log & Lumber Forks,P300/500LF8072 - QC300/500LF8072,,"Class 500 80"" Log & Lumber Fork, Tines: 3.0"" X 7""   X 72""","80""",,"3.0"" x 7""   x 72""",1955,,Case,Caterpillar,Doosan,Dresser,Fiat Allis,Ford,Hitachi,Hyundai,JCB,John Deere,Komatsu,Kubota,Link-Belt,Liugong,Mitsubishi,New Holland,Samsung,Sany,Terex,Vermeer,Volvo,Wacker-Neuson,Yanmar,,,,,,,,
2016,Wheel Loader,6,Wheel Loader,19,Forks,W4,Log & Lumber,Wlr-4-5,67,Wheel Loader Log & Lumber Forks,Wheel Loader Log & Lumber Forks,P300/500LF8084 - QC300/500LF8084,,"Class 300 80"" Log & Lumber Fork, Tines: 3.0"" X 7""   X 84""","80""",,"3.0"" x 7""   x 84""",2105,,Case,Caterpillar,Doosan,Dresser,Fiat Allis,Ford,Hitachi,Hyundai,JCB,John Deere,Komatsu,Kubota,Link-Belt,Liugong,Mitsubishi,New Holland,Samsung,Sany,Terex,Vermeer,Volvo,Wacker-Neuson,Yanmar,,,,,,,,
2017,Wheel Loader,6,Wheel Loader,19,Forks,W4,Log & Lumber,Wlr-4-5,67,Wheel Loader Log & Lumber Forks,Wheel Loader Log & Lumber Forks,P300/500LF8084 - QC300/500LF8084,,"Class 500 80"" Log & Lumber Fork, Tines: 3.0"" X 7""   X 84""","80""",,"3.0"" x 7""   x 84""",2105,,Case,Caterpillar,Doosan,Dresser,Fiat Allis,Ford,Hitachi,Hyundai,JCB,John Deere,Komatsu,Kubota,Link-Belt,Liugong,Mitsubishi,New Holland,Samsung,Sany,Terex,Vermeer,Volvo,Wacker-Neuson,Yanmar,,,,,,,,
2018,Wheel Loader,6,Wheel Loader,19,Forks,W4,Log & Lumber,Wlr-4-5,67,Wheel Loader Log & Lumber Forks,Wheel Loader Log & Lumber Forks,P300/500LF8096 - QC300/500LF8096,,"Class 300 80"" Log & Lumber Fork, Tines: 3.0"" X 7""   X 96""","80""",,"3.0"" x 7""   x 96""",2255,,Case,Caterpillar,Doosan,Dresser,Fiat Allis,Ford,Hitachi,Hyundai,JCB,John Deere,Komatsu,Kubota,Link-Belt,Liugong,Mitsubishi,New Holland,Samsung,Sany,Terex,Vermeer,Volvo,Wacker-Neuson,Yanmar,,,,,,,,
2019,Wheel Loader,6,Wheel Loader,19,Forks,W4,Log & Lumber,Wlr-4-5,67,Wheel Loader Log & Lumber Forks,Wheel Loader Log & Lumber Forks,P300/500LF8096 - QC300/500LF8096,,"Class 500 80"" Log & Lumber Fork, Tines: 3.0"" X 7""   X 96""","80""",,"3.0"" x 7""   x 96""",2255,,Case,Caterpillar,Doosan,Dresser,Fiat Allis,Ford,Hitachi,Hyundai,JCB,John Deere,Komatsu,Kubota,Link-Belt,Liugong,Mitsubishi,New Holland,Samsung,Sany,Terex,Vermeer,Volvo,Wacker-Neuson,Yanmar,,,,,,,,
2020,Wheel Loader,6,Wheel Loader,19,Forks,W4,Log & Lumber,Wlr-4-5,67,Wheel Loader Log & Lumber Forks,Wheel Loader Log & Lumber Forks,P600LF10660 - QC600LF10660,,"Class 600 106"" Log & Lumber Fork, Tines: 3.5"" X 8"" X 60""","106""",,"3.5"" x 8"" x 60""",2860,,Case,Caterpillar,Doosan,Dresser,Fiat Allis,Ford,Hitachi,Hyundai,JCB,John Deere,Komatsu,Kubota,Link-Belt,Liugong,Mitsubishi,New Holland,Samsung,Sany,Terex,Vermeer,Volvo,Wacker-Neuson,Yanmar,,,,,,,,
2021,Wheel Loader,6,Wheel Loader,19,Forks,W4,Log & Lumber,Wlr-4-5,67,Wheel Loader Log & Lumber Forks,Wheel Loader Log & Lumber Forks,P600LF10672 - QC600LF10672,,"Class 600 106"" Log & Lumber Fork, Tines: 3.5"" X 8"" X 72""","106""",,"3.5"" x 8"" x 72""",3060,,Case,Caterpillar,Doosan,Dresser,Fiat Allis,Ford,Hitachi,Hyundai,JCB,John Deere,Komatsu,Kubota,Link-Belt,Liugong,Mitsubishi,New Holland,Samsung,Sany,Terex,Vermeer,Volvo,Wacker-Neuson,Yanmar,,,,,,,,
2022,Wheel Loader,6,Wheel Loader,19,Forks,W4,Log & Lumber,Wlr-4-5,67,Wheel Loader Log & Lumber Forks,Wheel Loader Log & Lumber Forks,P600LF10684 - QC600LF10684,,"Class 600 106"" Log & Lumber Fork, Tines: 3.5"" X 8"" X 84""","106""",,"3.5"" x 8"" x 84""",3260,,Case,Caterpillar,Doosan,Dresser,Fiat Allis,Ford,Hitachi,Hyundai,JCB,John Deere,Komatsu,Kubota,Link-Belt,Liugong,Mitsubishi,New Holland,Samsung,Sany,Terex,Vermeer,Volvo,Wacker-Neuson,Yanmar,,,,,,,,
2023,Wheel Loader,6,Wheel Loader,19,Forks,W4,Log & Lumber,Wlr-4-5,67,Wheel Loader Log & Lumber Forks,Wheel Loader Log & Lumber Forks,P700LF10672 - QC700LF10672,,"Class 700 106"" Log & Lumber Fork, Tines: 4"" X 8""   X 72""","106""",,"4"" x 8""   x 72""",3485,,Case,Caterpillar,Doosan,Dresser,Fiat Allis,Ford,Hitachi,Hyundai,JCB,John Deere,Komatsu,Kubota,Link-Belt,Liugong,Mitsubishi,New Holland,Samsung,Sany,Terex,Vermeer,Volvo,Wacker-Neuson,Yanmar,,,,,,,,
2024,Wheel Loader,6,Wheel Loader,19,Forks,W4,Log & Lumber,Wlr-4-5,67,Wheel Loader Log & Lumber Forks,Wheel Loader Log & Lumber Forks,P700LF10684 - QC700LF10684,,"Class 700 106"" Log & Lumber Fork, Tines: 4"" X 8""   X 84""","106""",,"4"" x 8""   x 84""",3705,,Case,Caterpillar,Doosan,Dresser,Fiat Allis,Ford,Hitachi,Hyundai,JCB,John Deere,Komatsu,Kubota,Link-Belt,Liugong,Mitsubishi,New Holland,Samsung,Sany,Terex,Vermeer,Volvo,Wacker-Neuson,Yanmar,,,,,,,,
2025,Wheel Loader,6,Wheel Loader,19,Forks,W4,Log & Lumber,Wlr-4-5,67,Wheel Loader Log & Lumber Forks,Wheel Loader Log & Lumber Forks,P700LF10696 - QC700LF10696,,"Class 700 106"" Log & Lumber Fork, Tines: 4"" X 8""   X 96""","106""",,"4"" x 8""   x 96""",3925,,Case,Caterpillar,Doosan,Dresser,Fiat Allis,Ford,Hitachi,Hyundai,JCB,John Deere,Komatsu,Kubota,Link-Belt,Liugong,Mitsubishi,New Holland,Samsung,Sany,Terex,Vermeer,Volvo,Wacker-Neuson,Yanmar,,,,,,,,
2026,Wheel Loader,6,Wheel Loader,19,Forks,W4,Log & Lumber,Wlr-4-5,67,Wheel Loader Log & Lumber Forks,Wheel Loader Log & Lumber Forks,P800LF10672 - QC800LF10672,,"Class 800 106"" Log & Lumber Fork, Tines: 4"" X 8""   X 72""","106""",,"4"" x 8""   x 72""",4580,,Case,Caterpillar,Doosan,Dresser,Fiat Allis,Ford,Hitachi,Hyundai,JCB,John Deere,Komatsu,Kubota,Link-Belt,Liugong,Mitsubishi,New Holland,Samsung,Sany,Terex,Vermeer,Volvo,Wacker-Neuson,Yanmar,,,,,,,,
2027,Wheel Loader,6,Wheel Loader,19,Forks,W4,Log & Lumber,Wlr-4-5,67,Wheel Loader Log & Lumber Forks,Wheel Loader Log & Lumber Forks,P800LF10684 - QC800LF10684,,"Class 800 106"" Log & Lumber Fork, Tines: 4"" X 8""   X 84""","106""",,"4"" x 8""   x 84""",4800,,Case,Caterpillar,Doosan,Dresser,Fiat Allis,Ford,Hitachi,Hyundai,JCB,John Deere,Komatsu,Kubota,Link-Belt,Liugong,Mitsubishi,New Holland,Samsung,Sany,Terex,Vermeer,Volvo,Wacker-Neuson,Yanmar,,,,,,,,
2028,Wheel Loader,6,Wheel Loader,19,Forks,W4,Log & Lumber,Wlr-4-5,67,Wheel Loader Log & Lumber Forks,Wheel Loader Log & Lumber Forks,P800LF10696 - QC800LF10696,,"Class 800 106"" Log & Lumber Fork, Tines: 4"" X 8""   X 96""","106""",,"4"" x 8""   x 96""",5020,,Case,Caterpillar,Doosan,Dresser,Fiat Allis,Ford,Hitachi,Hyundai,JCB,John Deere,Komatsu,Kubota,Link-Belt,Liugong,Mitsubishi,New Holland,Samsung,Sany,Terex,Vermeer,Volvo,Wacker-Neuson,Yanmar,,,,,,,,
2029,Wheel Loader,6,Wheel Loader,19,Forks,W4,Log & Lumber Paddle Clamp,Wlr-4-6,68,Wheel Loader Log & Lumber Paddle Clamp Forks,Wheel Loader Log & Lumber Paddle Clamp Forks,P100PTC6048 - QC100PTC6048,,"Class 100 60"" Log & Lumber Paddle Clamp Fork, Tines: 2.5"" X 6"" X 48""","60""",,".5"" x 6"" x 48""",1625,,Case,Caterpillar,Doosan,Dresser,Fiat Allis,Ford,Hitachi,Hyundai,JCB,John Deere,Komatsu,Kubota,Link-Belt,Liugong,Mitsubishi,New Holland,Samsung,Sany,Terex,Vermeer,Volvo,Wacker-Neuson,Yanmar,,,,,,,,
2030,Wheel Loader,6,Wheel Loader,19,Forks,W4,Log & Lumber Paddle Clamp,Wlr-4-6,68,Wheel Loader Log & Lumber Paddle Clamp Forks,Wheel Loader Log & Lumber Paddle Clamp Forks,P200PTC8048 - QC200PTC8048,,"Class 200 80"" Log & Lumber Paddle Clamp Fork, Tines: 2.5"" X 6"" X 48""","80""",,"2.5"" x 6"" x 48""",2775,,Case,Caterpillar,Doosan,Dresser,Fiat Allis,Ford,Hitachi,Hyundai,JCB,John Deere,Komatsu,Kubota,Link-Belt,Liugong,Mitsubishi,New Holland,Samsung,Sany,Terex,Vermeer,Volvo,Wacker-Neuson,Yanmar,,,,,,,,
2031,Wheel Loader,6,Wheel Loader,19,Forks,W4,Log & Lumber Paddle Clamp,Wlr-4-6,68,Wheel Loader Log & Lumber Paddle Clamp Forks,Wheel Loader Log & Lumber Paddle Clamp Forks,P200PTC8060 - QC200PTC8060,,"Class 200 80"" Log & Lumber Paddle Clamp Fork, Tines: 2.5"" X 6"" X 60""","80""",,"2.5"" x 6"" x 60""",2875,,Case,Caterpillar,Doosan,Dresser,Fiat Allis,Ford,Hitachi,Hyundai,JCB,John Deere,Komatsu,Kubota,Link-Belt,Liugong,Mitsubishi,New Holland,Samsung,Sany,Terex,Vermeer,Volvo,Wacker-Neuson,Yanmar,,,,,,,,
2032,Wheel Loader,6,Wheel Loader,19,Forks,W4,Log & Lumber Paddle Clamp,Wlr-4-6,68,Wheel Loader Log & Lumber Paddle Clamp Forks,Wheel Loader Log & Lumber Paddle Clamp Forks,P300/500PTC8048 - QC300/500PTC8048,,"Class 300 80"" Log & Lumber Paddle Clamp Fork, Tines: 3.0"" X 7"" X 48""","80""",,"3.0"" x 7"" x 48""",3025,,Case,Caterpillar,Doosan,Dresser,Fiat Allis,Ford,Hitachi,Hyundai,JCB,John Deere,Komatsu,Kubota,Link-Belt,Liugong,Mitsubishi,New Holland,Samsung,Sany,Terex,Vermeer,Volvo,Wacker-Neuson,Yanmar,,,,,,,,
2033,Wheel Loader,6,Wheel Loader,19,Forks,W4,Log & Lumber Paddle Clamp,Wlr-4-6,68,Wheel Loader Log & Lumber Paddle Clamp Forks,Wheel Loader Log & Lumber Paddle Clamp Forks,P300/500PTC8048 - QC300/500PTC8048,,"Class 500 80"" Log & Lumber Paddle Clamp Fork, Tines: 3.0"" X 7"" X 48""","80""",,"3.0"" x 7"" x 48""",3025,,Case,Caterpillar,Doosan,Dresser,Fiat Allis,Ford,Hitachi,Hyundai,JCB,John Deere,Komatsu,Kubota,Link-Belt,Liugong,Mitsubishi,New Holland,Samsung,Sany,Terex,Vermeer,Volvo,Wacker-Neuson,Yanmar,,,,,,,,
2034,Wheel Loader,6,Wheel Loader,19,Forks,W4,Log & Lumber Paddle Clamp,Wlr-4-6,68,Wheel Loader Log & Lumber Paddle Clamp Forks,Wheel Loader Log & Lumber Paddle Clamp Forks,P300/500PTC8060 - QC300/500PTC8060,,"Class 300 80"" Log & Lumber Paddle Clamp Fork, Tines: 3.0"" X 7"" X 60""","80""",,"3.0"" x 7"" x 60""",3170,,Case,Caterpillar,Doosan,Dresser,Fiat Allis,Ford,Hitachi,Hyundai,JCB,John Deere,Komatsu,Kubota,Link-Belt,Liugong,Mitsubishi,New Holland,Samsung,Sany,Terex,Vermeer,Volvo,Wacker-Neuson,Yanmar,,,,,,,,
2035,Wheel Loader,6,Wheel Loader,19,Forks,W4,Log & Lumber Paddle Clamp,Wlr-4-6,68,Wheel Loader Log & Lumber Paddle Clamp Forks,Wheel Loader Log & Lumber Paddle Clamp Forks,P300/500PTC8060 - QC300/500PTC8060,,"Class 500 80"" Log & Lumber Paddle Clamp Fork, Tines: 3.0"" X 7"" X 60""","80""",,"3.0"" x 7"" x 60""",3170,,Case,Caterpillar,Doosan,Dresser,Fiat Allis,Ford,Hitachi,Hyundai,JCB,John Deere,Komatsu,Kubota,Link-Belt,Liugong,Mitsubishi,New Holland,Samsung,Sany,Terex,Vermeer,Volvo,Wacker-Neuson,Yanmar,,,,,,,,
2036,Wheel Loader,6,Wheel Loader,19,Forks,W4,Log & Lumber Paddle Clamp,Wlr-4-6,68,Wheel Loader Log & Lumber Paddle Clamp Forks,Wheel Loader Log & Lumber Paddle Clamp Forks,P300/500PTC8072 - QC300/500PTC8072,,"Class 300 80"" Log & Lumber Paddle Clamp Fork, Tines: 3.0"" X 7"" X 72""","80""",,"3.0"" x 7"" x 72""",3320,,Case,Caterpillar,Doosan,Dresser,Fiat Allis,Ford,Hitachi,Hyundai,JCB,John Deere,Komatsu,Kubota,Link-Belt,Liugong,Mitsubishi,New Holland,Samsung,Sany,Terex,Vermeer,Volvo,Wacker-Neuson,Yanmar,,,,,,,,
2037,Wheel Loader,6,Wheel Loader,19,Forks,W4,Log & Lumber Paddle Clamp,Wlr-4-6,68,Wheel Loader Log & Lumber Paddle Clamp Forks,Wheel Loader Log & Lumber Paddle Clamp Forks,P300/500PTC8072 - QC300/500PTC8072,,"Class 500 80"" Log & Lumber Paddle Clamp Fork, Tines: 3.0"" X 7"" X 72""","80""",,"3.0"" x 7"" x 72""",3320,,Case,Caterpillar,Doosan,Dresser,Fiat Allis,Ford,Hitachi,Hyundai,JCB,John Deere,Komatsu,Kubota,Link-Belt,Liugong,Mitsubishi,New Holland,Samsung,Sany,Terex,Vermeer,Volvo,Wacker-Neuson,Yanmar,,,,,,,,
2038,Wheel Loader,6,Wheel Loader,19,Forks,W4,Log & Lumber Paddle Clamp,Wlr-4-6,68,Wheel Loader Log & Lumber Paddle Clamp Forks,Wheel Loader Log & Lumber Paddle Clamp Forks,P300/500PTC8084 - QC300/500PTC8084,,"Class 300 80"" Log & Lumber Paddle Clamp Fork, Tines: 3.0"" X 7"" X 84""","80""",,"3.0"" x 7"" x 84""",3470,,Case,Caterpillar,Doosan,Dresser,Fiat Allis,Ford,Hitachi,Hyundai,JCB,John Deere,Komatsu,Kubota,Link-Belt,Liugong,Mitsubishi,New Holland,Samsung,Sany,Terex,Vermeer,Volvo,Wacker-Neuson,Yanmar,,,,,,,,
2039,Wheel Loader,6,Wheel Loader,19,Forks,W4,Log & Lumber Paddle Clamp,Wlr-4-6,68,Wheel Loader Log & Lumber Paddle Clamp Forks,Wheel Loader Log & Lumber Paddle Clamp Forks,P300/500PTC8084 - QC300/500PTC8084,,"Class 500 80"" Log & Lumber Paddle Clamp Fork, Tines: 3.0"" X 7"" X 84""","80""",,"3.0"" x 7"" x 84""",3470,,Case,Caterpillar,Doosan,Dresser,Fiat Allis,Ford,Hitachi,Hyundai,JCB,John Deere,Komatsu,Kubota,Link-Belt,Liugong,Mitsubishi,New Holland,Samsung,Sany,Terex,Vermeer,Volvo,Wacker-Neuson,Yanmar,,,,,,,,
2040,Wheel Loader,6,Wheel Loader,19,Forks,W4,Log & Lumber Paddle Clamp,Wlr-4-6,68,Wheel Loader Log & Lumber Paddle Clamp Forks,Wheel Loader Log & Lumber Paddle Clamp Forks,P600PTC10660 - QC600PTC10660,,"Class 600 106"" Log & Lumber Paddle Clamp Fork, Tines: 3.5"" X 8"" X 60""","106""",,"3.5"" x 8"" x 60""",5525,,Case,Caterpillar,Doosan,Dresser,Fiat Allis,Ford,Hitachi,Hyundai,JCB,John Deere,Komatsu,Kubota,Link-Belt,Liugong,Mitsubishi,New Holland,Samsung,Sany,Terex,Vermeer,Volvo,Wacker-Neuson,Yanmar,,,,,,,,
2041,Wheel Loader,6,Wheel Loader,19,Forks,W4,Log & Lumber Paddle Clamp,Wlr-4-6,68,Wheel Loader Log & Lumber Paddle Clamp Forks,Wheel Loader Log & Lumber Paddle Clamp Forks,P600PTC10672 - QC600PTC10672,,"Class 600 106"" Log & Lumber Paddle Clamp Fork, Tines: 3.5"" X 8"" X 72""","106""",,"3.5"" x 8"" x 72""",5725,,Case,Caterpillar,Doosan,Dresser,Fiat Allis,Ford,Hitachi,Hyundai,JCB,John Deere,Komatsu,Kubota,Link-Belt,Liugong,Mitsubishi,New Holland,Samsung,Sany,Terex,Vermeer,Volvo,Wacker-Neuson,Yanmar,,,,,,,,
2042,Wheel Loader,6,Wheel Loader,19,Forks,W4,Log & Lumber Paddle Clamp,Wlr-4-6,68,Wheel Loader Log & Lumber Paddle Clamp Forks,Wheel Loader Log & Lumber Paddle Clamp Forks,P600PTC10684 - QC600PTC10684,,"Class 600 106"" Log & Lumber Paddle Clamp Fork, Tines: 3.5"" X 8"" X 84""","106""",,"3.5"" x 8"" x 84""",5925,,Case,Caterpillar,Doosan,Dresser,Fiat Allis,Ford,Hitachi,Hyundai,JCB,John Deere,Komatsu,Kubota,Link-Belt,Liugong,Mitsubishi,New Holland,Samsung,Sany,Terex,Vermeer,Volvo,Wacker-Neuson,Yanmar,,,,,,,,
2043,Wheel Loader,6,Wheel Loader,19,Forks,W4,Log & Lumber Paddle Clamp,Wlr-4-6,68,Wheel Loader Log & Lumber Paddle Clamp Forks,Wheel Loader Log & Lumber Paddle Clamp Forks,P700PTC10672 - QC700PTC10672,,"Class 700 106"" Log & Lumber Paddle Clamp Fork, Tines: 4.0"" X 8"" X 72""","106""",,"4.0"" x 8"" x 72""",6075,,Case,Caterpillar,Doosan,Dresser,Fiat Allis,Ford,Hitachi,Hyundai,JCB,John Deere,Komatsu,Kubota,Link-Belt,Liugong,Mitsubishi,New Holland,Samsung,Sany,Terex,Vermeer,Volvo,Wacker-Neuson,Yanmar,,,,,,,,
2044,Wheel Loader,6,Wheel Loader,19,Forks,W4,Log & Lumber Paddle Clamp,Wlr-4-6,68,Wheel Loader Log & Lumber Paddle Clamp Forks,Wheel Loader Log & Lumber Paddle Clamp Forks,P700PTC10684 - QC700PTC10684,,"Class 700 106"" Log & Lumber Paddle Clamp Fork, Tines: 4.0"" X 8"" X 84""","106""",,"4.0"" x 8"" x 84""",6300,,Case,Caterpillar,Doosan,Dresser,Fiat Allis,Ford,Hitachi,Hyundai,JCB,John Deere,Komatsu,Kubota,Link-Belt,Liugong,Mitsubishi,New Holland,Samsung,Sany,Terex,Vermeer,Volvo,Wacker-Neuson,Yanmar,,,,,,,,
2045,Wheel Loader,6,Wheel Loader,19,Forks,W4,Log & Lumber Paddle Clamp,Wlr-4-6,68,Wheel Loader Log & Lumber Paddle Clamp Forks,Wheel Loader Log & Lumber Paddle Clamp Forks,P700PTC10696 - QC700PTC10696,,"Class 700 106"" Log & Lumber Paddle Clamp Fork, Tines: 4.0"" X 8"" X 96""","106""",,"4.0"" x 8"" x 96""",6550,,Case,Caterpillar,Doosan,Dresser,Fiat Allis,Ford,Hitachi,Hyundai,JCB,John Deere,Komatsu,Kubota,Link-Belt,Liugong,Mitsubishi,New Holland,Samsung,Sany,Terex,Vermeer,Volvo,Wacker-Neuson,Yanmar,,,,,,,,
2046,Wheel Loader,6,Wheel Loader,19,Forks,W4,Log & Lumber Paddle Clamp,Wlr-4-6,68,Wheel Loader Log & Lumber Paddle Clamp Forks,Wheel Loader Log & Lumber Paddle Clamp Forks,P800PTC10672 - QC800PTC10672,,"Class 800 106"" Log & Lumber Paddle Clamp Fork, Tines: 4.0"" X 8"" X 72""","106""",,"4.0"" x 8"" x 72""",6375,,Case,Caterpillar,Doosan,Dresser,Fiat Allis,Ford,Hitachi,Hyundai,JCB,John Deere,Komatsu,Kubota,Link-Belt,Liugong,Mitsubishi,New Holland,Samsung,Sany,Terex,Vermeer,Volvo,Wacker-Neuson,Yanmar,,,,,,,,
2047,Wheel Loader,6,Wheel Loader,19,Forks,W4,Log & Lumber Paddle Clamp,Wlr-4-6,68,Wheel Loader Log & Lumber Paddle Clamp Forks,Wheel Loader Log & Lumber Paddle Clamp Forks,P800PTC10684 - QC800PTC10684,,"Class 800 106"" Log & Lumber Paddle Clamp Fork, Tines: 4.0"" X 8"" X 84""","106""",,"4.0"" x 8"" x 84""",6625,,Case,Caterpillar,Doosan,Dresser,Fiat Allis,Ford,Hitachi,Hyundai,JCB,John Deere,Komatsu,Kubota,Link-Belt,Liugong,Mitsubishi,New Holland,Samsung,Sany,Terex,Vermeer,Volvo,Wacker-Neuson,Yanmar,,,,,,,,
2048,Wheel Loader,6,Wheel Loader,19,Forks,W4,Log & Lumber Paddle Clamp,Wlr-4-6,68,Wheel Loader Log & Lumber Paddle Clamp Forks,Wheel Loader Log & Lumber Paddle Clamp Forks,P800PTC10696 - QC800PTC10696,,"Class 800 106"" Log & Lumber Paddle Clamp Fork, Tines: 4.0"" X 8"" X 96""","106""",,"4.0"" x 8"" x 96""",6875,,Case,Caterpillar,Doosan,Dresser,Fiat Allis,Ford,Hitachi,Hyundai,JCB,John Deere,Komatsu,Kubota,Link-Belt,Liugong,Mitsubishi,New Holland,Samsung,Sany,Terex,Vermeer,Volvo,Wacker-Neuson,Yanmar,,,,,,,,
2049,Wheel Loader,6,Wheel Loader,19,Forks,W4,Log & Lumber Single Clamp,Wlr-4-7,69,Wheel Loader Log & Lumber Single Clamp Forks,Wheel Loader Log & Lumber Single Clamp Forks,P100STC6048 - QC100STC6048,,"Class 100 60"" Log & Lumber Single Clamp Fork, Tines: 2.5"" X 6"" X 48""","60""",,"2.5"" x 6"" x 48""",1100,,Case,Caterpillar,Doosan,Dresser,Fiat Allis,Ford,Hitachi,Hyundai,JCB,John Deere,Komatsu,Kubota,Link-Belt,Liugong,Mitsubishi,New Holland,Samsung,Sany,Terex,Vermeer,Volvo,Wacker-Neuson,Yanmar,,,,,,,,
2050,Wheel Loader,6,Wheel Loader,19,Forks,W4,Log & Lumber Single Clamp,Wlr-4-7,69,Wheel Loader Log & Lumber Single Clamp Forks,Wheel Loader Log & Lumber Single Clamp Forks,P200STC8048 - QC200STC8048,,"Class 200 80"" Log & Lumber Single Clamp Fork, Tines: 2.5"" X 6"" X 48""","80""",,"2.5"" x 6"" x 48""",2550,,Case,Caterpillar,Doosan,Dresser,Fiat Allis,Ford,Hitachi,Hyundai,JCB,John Deere,Komatsu,Kubota,Link-Belt,Liugong,Mitsubishi,New Holland,Samsung,Sany,Terex,Vermeer,Volvo,Wacker-Neuson,Yanmar,,,,,,,,
2051,Wheel Loader,6,Wheel Loader,19,Forks,W4,Log & Lumber Single Clamp,Wlr-4-7,69,Wheel Loader Log & Lumber Single Clamp Forks,Wheel Loader Log & Lumber Single Clamp Forks,P200STC8060 - QC200STC8060,,"Class 200 80"" Log & Lumber Single Clamp Fork, Tines: 2.5"" X 6"" X 60""","80""",,"2.5"" x 6"" x 60""",2200,,Case,Caterpillar,Doosan,Dresser,Fiat Allis,Ford,Hitachi,Hyundai,JCB,John Deere,Komatsu,Kubota,Link-Belt,Liugong,Mitsubishi,New Holland,Samsung,Sany,Terex,Vermeer,Volvo,Wacker-Neuson,Yanmar,,,,,,,,
2052,Wheel Loader,6,Wheel Loader,19,Forks,W4,Log & Lumber Single Clamp,Wlr-4-7,69,Wheel Loader Log & Lumber Single Clamp Forks,Wheel Loader Log & Lumber Single Clamp Forks,P300/500STC8048 - QC300/500STC8048,,"Class 300 80"" Log & Lumber Single Clamp Fork, Tines: 3.0"" X 7"" X 48""","80""",,"3.0"" x 7"" x 48""",2275,,Case,Caterpillar,Doosan,Dresser,Fiat Allis,Ford,Hitachi,Hyundai,JCB,John Deere,Komatsu,Kubota,Link-Belt,Liugong,Mitsubishi,New Holland,Samsung,Sany,Terex,Vermeer,Volvo,Wacker-Neuson,Yanmar,,,,,,,,
2053,Wheel Loader,6,Wheel Loader,19,Forks,W4,Log & Lumber Single Clamp,Wlr-4-7,69,Wheel Loader Log & Lumber Single Clamp Forks,Wheel Loader Log & Lumber Single Clamp Forks,P300/500STC8048 - QC300/500STC8048,,"Class 500 80"" Log & Lumber Single Clamp Fork, Tines: 3.0"" X 7"" X 48""","80""",,"3.0"" x 7"" x 48""",2275,,Case,Caterpillar,Doosan,Dresser,Fiat Allis,Ford,Hitachi,Hyundai,JCB,John Deere,Komatsu,Kubota,Link-Belt,Liugong,Mitsubishi,New Holland,Samsung,Sany,Terex,Vermeer,Volvo,Wacker-Neuson,Yanmar,,,,,,,,
2054,Wheel Loader,6,Wheel Loader,19,Forks,W4,Log & Lumber Single Clamp,Wlr-4-7,69,Wheel Loader Log & Lumber Single Clamp Forks,Wheel Loader Log & Lumber Single Clamp Forks,P300/500STC8060 - QC300/500STC8060,,"Class 300 80"" Log & Lumber Single Clamp Fork, Tines: 3.0"" X 7"" X 60""","80""",,"3.0"" x 7"" x 60""",2420,,Case,Caterpillar,Doosan,Dresser,Fiat Allis,Ford,Hitachi,Hyundai,JCB,John Deere,Komatsu,Kubota,Link-Belt,Liugong,Mitsubishi,New Holland,Samsung,Sany,Terex,Vermeer,Volvo,Wacker-Neuson,Yanmar,,,,,,,,
2055,Wheel Loader,6,Wheel Loader,19,Forks,W4,Log & Lumber Single Clamp,Wlr-4-7,69,Wheel Loader Log & Lumber Single Clamp Forks,Wheel Loader Log & Lumber Single Clamp Forks,P300/500STC8060 - QC300/500STC8060,,"Class 500 80"" Log & Lumber Single Clamp Fork, Tines: 3.0"" X 7"" X 60""","80""",,"3.0"" x 7"" x 60""",2420,,Case,Caterpillar,Doosan,Dresser,Fiat Allis,Ford,Hitachi,Hyundai,JCB,John Deere,Komatsu,Kubota,Link-Belt,Liugong,Mitsubishi,New Holland,Samsung,Sany,Terex,Vermeer,Volvo,Wacker-Neuson,Yanmar,,,,,,,,
2056,Wheel Loader,6,Wheel Loader,19,Forks,W4,Log & Lumber Single Clamp,Wlr-4-7,69,Wheel Loader Log & Lumber Single Clamp Forks,Wheel Loader Log & Lumber Single Clamp Forks,P300/500STC8072 - QC300/500STC8072,,"Class 300 80"" Log & Lumber Single Clamp Fork, Tines: 3.0"" X 7"" X 72""","80""",,"3.0"" x 7"" x 72""",2570,,Case,Caterpillar,Doosan,Dresser,Fiat Allis,Ford,Hitachi,Hyundai,JCB,John Deere,Komatsu,Kubota,Link-Belt,Liugong,Mitsubishi,New Holland,Samsung,Sany,Terex,Vermeer,Volvo,Wacker-Neuson,Yanmar,,,,,,,,
2057,Wheel Loader,6,Wheel Loader,19,Forks,W4,Log & Lumber Single Clamp,Wlr-4-7,69,Wheel Loader Log & Lumber Single Clamp Forks,Wheel Loader Log & Lumber Single Clamp Forks,P300/500STC8072 - QC300/500STC8072,,"Class 500 80"" Log & Lumber Single Clamp Fork, Tines: 3.0"" X 7"" X 72""","80""",,"3.0"" x 7"" x 72""",2570,,Case,Caterpillar,Doosan,Dresser,Fiat Allis,Ford,Hitachi,Hyundai,JCB,John Deere,Komatsu,Kubota,Link-Belt,Liugong,Mitsubishi,New Holland,Samsung,Sany,Terex,Vermeer,Volvo,Wacker-Neuson,Yanmar,,,,,,,,
2058,Wheel Loader,6,Wheel Loader,19,Forks,W4,Log & Lumber Single Clamp,Wlr-4-7,69,Wheel Loader Log & Lumber Single Clamp Forks,Wheel Loader Log & Lumber Single Clamp Forks,P300/500STC8084 - QC300/500STC8084,,"Class 300 80"" Log & Lumber Single Clamp Fork, Tines: 3.0"" X 7"" 'X 84""","80""",,"3.0"" x 7"" 'x 84""",2720,,Case,Caterpillar,Doosan,Dresser,Fiat Allis,Ford,Hitachi,Hyundai,JCB,John Deere,Komatsu,Kubota,Link-Belt,Liugong,Mitsubishi,New Holland,Samsung,Sany,Terex,Vermeer,Volvo,Wacker-Neuson,Yanmar,,,,,,,,
2059,Wheel Loader,6,Wheel Loader,19,Forks,W4,Log & Lumber Single Clamp,Wlr-4-7,69,Wheel Loader Log & Lumber Single Clamp Forks,Wheel Loader Log & Lumber Single Clamp Forks,P300/500STC8084 - QC300/500STC8084,,"Class 500 80"" Log & Lumber Single Clamp Fork, Tines: 3.0"" X 7"" 'X 84""","80""",,"3.0"" x 7"" 'x 84""",2720,,Case,Caterpillar,Doosan,Dresser,Fiat Allis,Ford,Hitachi,Hyundai,JCB,John Deere,Komatsu,Kubota,Link-Belt,Liugong,Mitsubishi,New Holland,Samsung,Sany,Terex,Vermeer,Volvo,Wacker-Neuson,Yanmar,,,,,,,,
2060,Wheel Loader,6,Wheel Loader,19,Forks,W4,Log & Lumber Single Clamp,Wlr-4-7,69,Wheel Loader Log & Lumber Single Clamp Forks,Wheel Loader Log & Lumber Single Clamp Forks,P600STC10660 - QC600STC10660,,"Class 600 106"" Log & Lumber Single Clamp Fork, Tines: 3.5"" X 8"" X 60""","106""",,"3.5"" x 8"" x 60""",4725,,Case,Caterpillar,Doosan,Dresser,Fiat Allis,Ford,Hitachi,Hyundai,JCB,John Deere,Komatsu,Kubota,Link-Belt,Liugong,Mitsubishi,New Holland,Samsung,Sany,Terex,Vermeer,Volvo,Wacker-Neuson,Yanmar,,,,,,,,
2061,Wheel Loader,6,Wheel Loader,19,Forks,W4,Log & Lumber Single Clamp,Wlr-4-7,69,Wheel Loader Log & Lumber Single Clamp Forks,Wheel Loader Log & Lumber Single Clamp Forks,P600STC10672 - QC600STC10672,,"Class 600 106"" Log & Lumber Single Clamp Fork, Tines: 3.5"" X 8"" X 72""","106""",,"3.5"" x 8"" x 72""",4925,,Case,Caterpillar,Doosan,Dresser,Fiat Allis,Ford,Hitachi,Hyundai,JCB,John Deere,Komatsu,Kubota,Link-Belt,Liugong,Mitsubishi,New Holland,Samsung,Sany,Terex,Vermeer,Volvo,Wacker-Neuson,Yanmar,,,,,,,,
2062,Wheel Loader,6,Wheel Loader,19,Forks,W4,Log & Lumber Single Clamp,Wlr-4-7,69,Wheel Loader Log & Lumber Single Clamp Forks,Wheel Loader Log & Lumber Single Clamp Forks,P600STC10684 - QC600STC10684,,"Class 600 106"" Log & Lumber Single Clamp Fork, Tines: 3.5"" X 8"" X 84""","106""",,"3.5"" x 8"" x 84""",5125,,Case,Caterpillar,Doosan,Dresser,Fiat Allis,Ford,Hitachi,Hyundai,JCB,John Deere,Komatsu,Kubota,Link-Belt,Liugong,Mitsubishi,New Holland,Samsung,Sany,Terex,Vermeer,Volvo,Wacker-Neuson,Yanmar,,,,,,,,
2063,Wheel Loader,6,Wheel Loader,19,Forks,W4,Log & Lumber Single Clamp,Wlr-4-7,69,Wheel Loader Log & Lumber Single Clamp Forks,Wheel Loader Log & Lumber Single Clamp Forks,P700STC10672 - QC700STC10672,,"Class 700 106"" Log & Lumber Single Clamp Fork, Tines: 4.0"" X 8"" X 72""","106""",,"4.0"" x 8"" x 72""",5225,,Case,Caterpillar,Doosan,Dresser,Fiat Allis,Ford,Hitachi,Hyundai,JCB,John Deere,Komatsu,Kubota,Link-Belt,Liugong,Mitsubishi,New Holland,Samsung,Sany,Terex,Vermeer,Volvo,Wacker-Neuson,Yanmar,,,,,,,,
2064,Wheel Loader,6,Wheel Loader,19,Forks,W4,Log & Lumber Single Clamp,Wlr-4-7,69,Wheel Loader Log & Lumber Single Clamp Forks,Wheel Loader Log & Lumber Single Clamp Forks,P700STC10684 - QC700STC10684,,"Class 700 106"" Log & Lumber Single Clamp Fork, Tines: 4.0"" X 8"" X 84""","106""",,"4.0"" x 8"" x 84""",5445,,Case,Caterpillar,Doosan,Dresser,Fiat Allis,Ford,Hitachi,Hyundai,JCB,John Deere,Komatsu,Kubota,Link-Belt,Liugong,Mitsubishi,New Holland,Samsung,Sany,Terex,Vermeer,Volvo,Wacker-Neuson,Yanmar,,,,,,,,
2065,Wheel Loader,6,Wheel Loader,19,Forks,W4,Log & Lumber Single Clamp,Wlr-4-7,69,Wheel Loader Log & Lumber Single Clamp Forks,Wheel Loader Log & Lumber Single Clamp Forks,P700STC10696 - QC700STC10696,,"Class 700 106"" Log & Lumber Single Clamp Fork, Tines: 4.0"" X 8"" X 96""","106""",,"4.0"" x 8"" x 96""",5665,,Case,Caterpillar,Doosan,Dresser,Fiat Allis,Ford,Hitachi,Hyundai,JCB,John Deere,Komatsu,Kubota,Link-Belt,Liugong,Mitsubishi,New Holland,Samsung,Sany,Terex,Vermeer,Volvo,Wacker-Neuson,Yanmar,,,,,,,,
2066,Wheel Loader,6,Wheel Loader,19,Forks,W4,Log & Lumber Dual Clamp,Wlr-4-8,70,Wheel Loader Log & Lumber Dual Clamp Forks,Wheel Loader Log & Lumber Dual Clamp Forks,P100DTC6048 - QC100DTC6048,,"Class 100 60"" Log & Lumber Dual Clamp Fork, Tines: 2.5"" X 6"" X 48""","60""",,"2.5"" x 6"" x 48""",1400,,Case,Caterpillar,Doosan,Dresser,Fiat Allis,Ford,Hitachi,Hyundai,JCB,John Deere,Komatsu,Kubota,Link-Belt,Liugong,Mitsubishi,New Holland,Samsung,Sany,Terex,Vermeer,Volvo,Wacker-Neuson,Yanmar,,,,,,,,
2067,Wheel Loader,6,Wheel Loader,19,Forks,W4,Log & Lumber Dual Clamp,Wlr-4-8,70,Wheel Loader Log & Lumber Dual Clamp Forks,Wheel Loader Log & Lumber Dual Clamp Forks,P200DTC8048 - QC200DTC8048,,"Class 200 80"" Log & Lumber Dual Clamp Fork, Tines: 2.5"" X 6"" X 48""","80""",,"2.5"" x 6"" x 48""",2550,,Case,Caterpillar,Doosan,Dresser,Fiat Allis,Ford,Hitachi,Hyundai,JCB,John Deere,Komatsu,Kubota,Link-Belt,Liugong,Mitsubishi,New Holland,Samsung,Sany,Terex,Vermeer,Volvo,Wacker-Neuson,Yanmar,,,,,,,,
2068,Wheel Loader,6,Wheel Loader,19,Forks,W4,Log & Lumber Dual Clamp,Wlr-4-8,70,Wheel Loader Log & Lumber Dual Clamp Forks,Wheel Loader Log & Lumber Dual Clamp Forks,P200DTC8060 - QC200DTC8060,,"Class 200 80"" Log & Lumber Dual Clamp Fork, Tines: 2.5"" X 6"" X 60""","80""",,"2.5"" x 6"" x 60""",2650,,Case,Caterpillar,Doosan,Dresser,Fiat Allis,Ford,Hitachi,Hyundai,JCB,John Deere,Komatsu,Kubota,Link-Belt,Liugong,Mitsubishi,New Holland,Samsung,Sany,Terex,Vermeer,Volvo,Wacker-Neuson,Yanmar,,,,,,,,
2069,Wheel Loader,6,Wheel Loader,19,Forks,W4,Log & Lumber Dual Clamp,Wlr-4-8,70,Wheel Loader Log & Lumber Dual Clamp Forks,Wheel Loader Log & Lumber Dual Clamp Forks,P300/500DTC8048 - QC300/500DTC8048,,"Class 300 80"" Log & Lumber Dual Clamp Fork, Tines: 3.0"" X 7"" X 48""","80""",,"3.0"" x 7"" x 48""",2825,,Case,Caterpillar,Doosan,Dresser,Fiat Allis,Ford,Hitachi,Hyundai,JCB,John Deere,Komatsu,Kubota,Link-Belt,Liugong,Mitsubishi,New Holland,Samsung,Sany,Terex,Vermeer,Volvo,Wacker-Neuson,Yanmar,,,,,,,,
2070,Wheel Loader,6,Wheel Loader,19,Forks,W4,Log & Lumber Dual Clamp,Wlr-4-8,70,Wheel Loader Log & Lumber Dual Clamp Forks,Wheel Loader Log & Lumber Dual Clamp Forks,P300/500DTC8048 - QC300/500DTC8048,,"Class 500 80"" Log & Lumber Dual Clamp Fork, Tines: 3.0"" X 7"" X 48""","80""",,"3.0"" x 7"" x 48""",2825,,Case,Caterpillar,Doosan,Dresser,Fiat Allis,Ford,Hitachi,Hyundai,JCB,John Deere,Komatsu,Kubota,Link-Belt,Liugong,Mitsubishi,New Holland,Samsung,Sany,Terex,Vermeer,Volvo,Wacker-Neuson,Yanmar,,,,,,,,
2071,Wheel Loader,6,Wheel Loader,19,Forks,W4,Log & Lumber Dual Clamp,Wlr-4-8,70,Wheel Loader Log & Lumber Dual Clamp Forks,Wheel Loader Log & Lumber Dual Clamp Forks,P300/500DTC8060 - QC300/500DTC8060,,"Class 300 80"" Log & Lumber Dual Clamp Fork, Tines: 3.0"" X 7"" X 60""","80""",,"3.0"" x 7"" x 60""",2970,,Case,Caterpillar,Doosan,Dresser,Fiat Allis,Ford,Hitachi,Hyundai,JCB,John Deere,Komatsu,Kubota,Link-Belt,Liugong,Mitsubishi,New Holland,Samsung,Sany,Terex,Vermeer,Volvo,Wacker-Neuson,Yanmar,,,,,,,,
2072,Wheel Loader,6,Wheel Loader,19,Forks,W4,Log & Lumber Dual Clamp,Wlr-4-8,70,Wheel Loader Log & Lumber Dual Clamp Forks,Wheel Loader Log & Lumber Dual Clamp Forks,P300/500DTC8060 - QC300/500DTC8060,,"Class 500 80"" Log & Lumber Dual Clamp Fork, Tines: 3.0"" X 7"" X 60""","80""",,"3.0"" x 7"" x 60""",2970,,Case,Caterpillar,Doosan,Dresser,Fiat Allis,Ford,Hitachi,Hyundai,JCB,John Deere,Komatsu,Kubota,Link-Belt,Liugong,Mitsubishi,New Holland,Samsung,Sany,Terex,Vermeer,Volvo,Wacker-Neuson,Yanmar,,,,,,,,
2073,Wheel Loader,6,Wheel Loader,19,Forks,W4,Log & Lumber Dual Clamp,Wlr-4-8,70,Wheel Loader Log & Lumber Dual Clamp Forks,Wheel Loader Log & Lumber Dual Clamp Forks,P300/500DTC8072 - QC300/500DTC8072,,"Class 300 80"" Log & Lumber Dual Clamp Fork, Tines: 3.0"" X 7"" X 72""","80""",,"3.0"" x 7"" x 72""",3120,,Case,Caterpillar,Doosan,Dresser,Fiat Allis,Ford,Hitachi,Hyundai,JCB,John Deere,Komatsu,Kubota,Link-Belt,Liugong,Mitsubishi,New Holland,Samsung,Sany,Terex,Vermeer,Volvo,Wacker-Neuson,Yanmar,,,,,,,,
2074,Wheel Loader,6,Wheel Loader,19,Forks,W4,Log & Lumber Dual Clamp,Wlr-4-8,70,Wheel Loader Log & Lumber Dual Clamp Forks,Wheel Loader Log & Lumber Dual Clamp Forks,P300/500DTC8072 - QC300/500DTC8072,,"Class 500 80"" Log & Lumber Dual Clamp Fork, Tines: 3.0"" X 7"" X 72""","80""",,"3.0"" x 7"" x 72""",3120,,Case,Caterpillar,Doosan,Dresser,Fiat Allis,Ford,Hitachi,Hyundai,JCB,John Deere,Komatsu,Kubota,Link-Belt,Liugong,Mitsubishi,New Holland,Samsung,Sany,Terex,Vermeer,Volvo,Wacker-Neuson,Yanmar,,,,,,,,
2075,Wheel Loader,6,Wheel Loader,19,Forks,W4,Log & Lumber Dual Clamp,Wlr-4-8,70,Wheel Loader Log & Lumber Dual Clamp Forks,Wheel Loader Log & Lumber Dual Clamp Forks,P300/500DTC8084 - QC300/500DTC8084,,"Class 300 80"" Log & Lumber Dual Clamp Fork, Tines: 3.0"" X 7"" X 84""","80""",,"3.0"" x 7"" x 84""",3270,,Case,Caterpillar,Doosan,Dresser,Fiat Allis,Ford,Hitachi,Hyundai,JCB,John Deere,Komatsu,Kubota,Link-Belt,Liugong,Mitsubishi,New Holland,Samsung,Sany,Terex,Vermeer,Volvo,Wacker-Neuson,Yanmar,,,,,,,,
2076,Wheel Loader,6,Wheel Loader,19,Forks,W4,Log & Lumber Dual Clamp,Wlr-4-8,70,Wheel Loader Log & Lumber Dual Clamp Forks,Wheel Loader Log & Lumber Dual Clamp Forks,P300/500DTC8084 - QC300/500DTC8084,,"Class 500 80"" Log & Lumber Dual Clamp Fork, Tines: 3.0"" X 7"" X 84""","80""",,"3.0"" x 7"" x 84""",3270,,Case,Caterpillar,Doosan,Dresser,Fiat Allis,Ford,Hitachi,Hyundai,JCB,John Deere,Komatsu,Kubota,Link-Belt,Liugong,Mitsubishi,New Holland,Samsung,Sany,Terex,Vermeer,Volvo,Wacker-Neuson,Yanmar,,,,,,,,
2077,Wheel Loader,6,Wheel Loader,19,Forks,W4,Log & Lumber Dual Clamp,Wlr-4-8,70,Wheel Loader Log & Lumber Dual Clamp Forks,Wheel Loader Log & Lumber Dual Clamp Forks,P600DTC10660 - QC600DTC10660,,"Class 600 106"" Log & Lumber Dual Clamp Fork, Tines: 3.5"" X 8"" X 60""","106""",,"3.5"" x 8"" x 60""",5250,,Case,Caterpillar,Doosan,Dresser,Fiat Allis,Ford,Hitachi,Hyundai,JCB,John Deere,Komatsu,Kubota,Link-Belt,Liugong,Mitsubishi,New Holland,Samsung,Sany,Terex,Vermeer,Volvo,Wacker-Neuson,Yanmar,,,,,,,,
2078,Wheel Loader,6,Wheel Loader,19,Forks,W4,Log & Lumber Dual Clamp,Wlr-4-8,70,Wheel Loader Log & Lumber Dual Clamp Forks,Wheel Loader Log & Lumber Dual Clamp Forks,P600DTC10672 - QC600DTC10672,,"Class 600 106"" Log & Lumber Dual Clamp Fork, Tines: 3.5"" X 8"" X 72""","106""",,"3.5"" x 8"" x 72""",5450,,Case,Caterpillar,Doosan,Dresser,Fiat Allis,Ford,Hitachi,Hyundai,JCB,John Deere,Komatsu,Kubota,Link-Belt,Liugong,Mitsubishi,New Holland,Samsung,Sany,Terex,Vermeer,Volvo,Wacker-Neuson,Yanmar,,,,,,,,
2079,Wheel Loader,6,Wheel Loader,19,Forks,W4,Log & Lumber Dual Clamp,Wlr-4-8,70,Wheel Loader Log & Lumber Dual Clamp Forks,Wheel Loader Log & Lumber Dual Clamp Forks,P600DTC10684 - QC600DTC10684,,"Class 600 106"" Log & Lumber Dual Clamp Fork, Tines: 3.5"" X 8"" X 84""","106""",,"3.5"" x 8"" x 84""",5650,,Case,Caterpillar,Doosan,Dresser,Fiat Allis,Ford,Hitachi,Hyundai,JCB,John Deere,Komatsu,Kubota,Link-Belt,Liugong,Mitsubishi,New Holland,Samsung,Sany,Terex,Vermeer,Volvo,Wacker-Neuson,Yanmar,,,,,,,,
2080,Wheel Loader,6,Wheel Loader,19,Forks,W4,Log & Lumber Dual Clamp,Wlr-4-8,70,Wheel Loader Log & Lumber Dual Clamp Forks,Wheel Loader Log & Lumber Dual Clamp Forks,P700DTC10672 - QC700DTC10672,,"Class 700 106"" Log & Lumber Dual Clamp Fork, Tines: 4.0"" X 8"" X 72""","106""",,"4.0"" x 8"" x 72""",5750,,Case,Caterpillar,Doosan,Dresser,Fiat Allis,Ford,Hitachi,Hyundai,JCB,John Deere,Komatsu,Kubota,Link-Belt,Liugong,Mitsubishi,New Holland,Samsung,Sany,Terex,Vermeer,Volvo,Wacker-Neuson,Yanmar,,,,,,,,
2081,Wheel Loader,6,Wheel Loader,19,Forks,W4,Log & Lumber Dual Clamp,Wlr-4-8,70,Wheel Loader Log & Lumber Dual Clamp Forks,Wheel Loader Log & Lumber Dual Clamp Forks,P700DTC10684 - QC700DTC10684,,"Class 700 106"" Log & Lumber Dual Clamp Fork, Tines: 4.0"" X 8"" X 84""","106""",,"4.0"" x 8"" x 84""",5970,,Case,Caterpillar,Doosan,Dresser,Fiat Allis,Ford,Hitachi,Hyundai,JCB,John Deere,Komatsu,Kubota,Link-Belt,Liugong,Mitsubishi,New Holland,Samsung,Sany,Terex,Vermeer,Volvo,Wacker-Neuson,Yanmar,,,,,,,,
2082,Wheel Loader,6,Wheel Loader,19,Forks,W4,Log & Lumber Dual Clamp,Wlr-4-8,70,Wheel Loader Log & Lumber Dual Clamp Forks,Wheel Loader Log & Lumber Dual Clamp Forks,P700DTC10696 - QC700DTC10696,,"Class 700 106"" Log & Lumber Dual Clamp Fork, Tines: 4.0"" X 8"" X 96""","106""",,"4.0"" x 8"" x 96""",6190,,Case,Caterpillar,Doosan,Dresser,Fiat Allis,Ford,Hitachi,Hyundai,JCB,John Deere,Komatsu,Kubota,Link-Belt,Liugong,Mitsubishi,New Holland,Samsung,Sany,Terex,Vermeer,Volvo,Wacker-Neuson,Yanmar,,,,,,,,
2083,Wheel Loader,6,Wheel Loader,19,Forks,W4,Log & Lumber Dual Clamp,Wlr-4-8,70,Wheel Loader Log & Lumber Dual Clamp Forks,Wheel Loader Log & Lumber Dual Clamp Forks,P800DTC10672 - QC800DTC10672,,"Class 800 106"" Log & Lumber Dual Clamp Fork, Tines: 4.0"" X 8"" X 72""","106""",,"4.0"" x 8"" x 72""",5450,,Case,Caterpillar,Doosan,Dresser,Fiat Allis,Ford,Hitachi,Hyundai,JCB,John Deere,Komatsu,Kubota,Link-Belt,Liugong,Mitsubishi,New Holland,Samsung,Sany,Terex,Vermeer,Volvo,Wacker-Neuson,Yanmar,,,,,,,,
2084,Wheel Loader,6,Wheel Loader,19,Forks,W4,Log & Lumber Dual Clamp,Wlr-4-8,70,Wheel Loader Log & Lumber Dual Clamp Forks,Wheel Loader Log & Lumber Dual Clamp Forks,P800DTC10684 - QC800DTC10684,,"Class 800 106"" Log & Lumber Dual Clamp Fork, Tines: 4.0"" X 8"" X 84""","106""",,"4.0"" x 8"" x 84""",5670,,Case,Caterpillar,Doosan,Dresser,Fiat Allis,Ford,Hitachi,Hyundai,JCB,John Deere,Komatsu,Kubota,Link-Belt,Liugong,Mitsubishi,New Holland,Samsung,Sany,Terex,Vermeer,Volvo,Wacker-Neuson,Yanmar,,,,,,,,
2085,Wheel Loader,6,Wheel Loader,19,Forks,W4,Log & Lumber Dual Clamp,Wlr-4-8,70,Wheel Loader Log & Lumber Dual Clamp Forks,Wheel Loader Log & Lumber Dual Clamp Forks,P800DTC10696 - QC800DTC10696,,"Class 800 106"" Log & Lumber Dual Clamp Fork, Tines: 4.0"" X 8"" X 96""","106""",,"4.0"" x 8"" x 96""",5890,,Case,Caterpillar,Doosan,Dresser,Fiat Allis,Ford,Hitachi,Hyundai,JCB,John Deere,Komatsu,Kubota,Link-Belt,Liugong,Mitsubishi,New Holland,Samsung,Sany,Terex,Vermeer,Volvo,Wacker-Neuson,Yanmar,,,,,,,,
2086,Wheel Loader,6,Wheel Loader,19,Forks,W4,Carbody,Wlr-4-9,71,Wheel Loader Carbody Forks,Wheel Loader Carbody Forks,P100CBF9660 - QC100CBF9660,,"Class 100 96"" Carbody Fork, Tines: 2.0"" X 8"" X 60""","96""",,"2.0"" x 8"" x 60""",1650,,Case,Caterpillar,Doosan,Dresser,Fiat Allis,Ford,Hitachi,Hyundai,JCB,John Deere,Komatsu,Kubota,Link-Belt,Liugong,Mitsubishi,New Holland,Samsung,Sany,Terex,Vermeer,Volvo,Wacker-Neuson,Yanmar,,,,,,,,
2087,Wheel Loader,6,Wheel Loader,19,Forks,W4,Carbody,Wlr-4-9,71,Wheel Loader Carbody Forks,Wheel Loader Carbody Forks,P100CBF9672 - QC100CBF9672,,"Class 100 96"" Carbody Fork, Tines: 2.0"" X 8"" X 72""","96""",,"2.0"" x 8"" x 72""",1760,,Case,Caterpillar,Doosan,Dresser,Fiat Allis,Ford,Hitachi,Hyundai,JCB,John Deere,Komatsu,Kubota,Link-Belt,Liugong,Mitsubishi,New Holland,Samsung,Sany,Terex,Vermeer,Volvo,Wacker-Neuson,Yanmar,,,,,,,,
2088,Wheel Loader,6,Wheel Loader,19,Forks,W4,Carbody,Wlr-4-9,71,Wheel Loader Carbody Forks,Wheel Loader Carbody Forks,P200CBF9672 - QC200CBF9672,,"Class 200 96"" Carbody Fork, Tines: 2.5"" X 8"" X 72""","96""",,"2.5"" x 8"" x 72""",1850,,Case,Caterpillar,Doosan,Dresser,Fiat Allis,Ford,Hitachi,Hyundai,JCB,John Deere,Komatsu,Kubota,Link-Belt,Liugong,Mitsubishi,New Holland,Samsung,Sany,Terex,Vermeer,Volvo,Wacker-Neuson,Yanmar,,,,,,,,
2089,Wheel Loader,6,Wheel Loader,19,Forks,W4,Carbody,Wlr-4-9,71,Wheel Loader Carbody Forks,Wheel Loader Carbody Forks,P200CBF9684 - QC200CBF9684,,"Class 200 96"" Carbody Fork, Tines: 2.5"" X 8"" X 84""","96""",,"2.5"" x 8"" x 84""",1985,,Case,Caterpillar,Doosan,Dresser,Fiat Allis,Ford,Hitachi,Hyundai,JCB,John Deere,Komatsu,Kubota,Link-Belt,Liugong,Mitsubishi,New Holland,Samsung,Sany,Terex,Vermeer,Volvo,Wacker-Neuson,Yanmar,,,,,,,,
2090,Wheel Loader,6,Wheel Loader,19,Forks,W4,Carbody,Wlr-4-9,71,Wheel Loader Carbody Forks,Wheel Loader Carbody Forks,P300CBF9672 - QC300CBF9672,,"Class 300 96"" Carbody Fork, Tines: 3.0"" X 8"" X 72""","96""",,"3.0"" x 8"" x 72""",2175,,Case,Caterpillar,Doosan,Dresser,Fiat Allis,Ford,Hitachi,Hyundai,JCB,John Deere,Komatsu,Kubota,Link-Belt,Liugong,Mitsubishi,New Holland,Samsung,Sany,Terex,Vermeer,Volvo,Wacker-Neuson,Yanmar,,,,,,,,
2091,Wheel Loader,6,Wheel Loader,19,Forks,W4,Carbody,Wlr-4-9,71,Wheel Loader Carbody Forks,Wheel Loader Carbody Forks,P300CBF9684 - QC300CBF9684,,"Class 300 96"" Carbody Fork, Tines: 3.0"" X 8"" X 84""","96""",,"3.0"" x 8"" x 84""",2335,,Case,Caterpillar,Doosan,Dresser,Fiat Allis,Ford,Hitachi,Hyundai,JCB,John Deere,Komatsu,Kubota,Link-Belt,Liugong,Mitsubishi,New Holland,Samsung,Sany,Terex,Vermeer,Volvo,Wacker-Neuson,Yanmar,,,,,,,,
2092,Wheel Loader,6,Wheel Loader,19,Forks,W4,Carbody,Wlr-4-9,71,Wheel Loader Carbody Forks,Wheel Loader Carbody Forks,P500CBF9672 - QC500CBF9672,,"Class 500 96"" Carbody Fork, Tines: 3.0"" X 8"" X 72""","96""",,"3.0"" x 8"" x 72""",2580,,Case,Caterpillar,Doosan,Dresser,Fiat Allis,Ford,Hitachi,Hyundai,JCB,John Deere,Komatsu,Kubota,Link-Belt,Liugong,Mitsubishi,New Holland,Samsung,Sany,Terex,Vermeer,Volvo,Wacker-Neuson,Yanmar,,,,,,,,
2093,Wheel Loader,6,Wheel Loader,19,Forks,W4,Carbody,Wlr-4-9,71,Wheel Loader Carbody Forks,Wheel Loader Carbody Forks,P500CBF9684 - QC500CBF9684,,"Class 500 96"" Carbody Fork, Tines: 3.0"" X 8"" X 84""","96""",,"3.0"" x 8"" x 84""",2745,,Case,Caterpillar,Doosan,Dresser,Fiat Allis,Ford,Hitachi,Hyundai,JCB,John Deere,Komatsu,Kubota,Link-Belt,Liugong,Mitsubishi,New Holland,Samsung,Sany,Terex,Vermeer,Volvo,Wacker-Neuson,Yanmar,,,,,,,,
2094,Wheel Loader,6,Wheel Loader,19,Forks,W4,Carbody,Wlr-4-9,71,Wheel Loader Carbody Forks,Wheel Loader Carbody Forks,P600CBF10672 - QC600CBF10672,,"Class 600 106"" Carbody Fork, Tines: 3.5"" X 8"" X 72""","106""",,"3.5"" x 8"" x 72""",2825,,Case,Caterpillar,Doosan,Dresser,Fiat Allis,Ford,Hitachi,Hyundai,JCB,John Deere,Komatsu,Kubota,Link-Belt,Liugong,Mitsubishi,New Holland,Samsung,Sany,Terex,Vermeer,Volvo,Wacker-Neuson,Yanmar,,,,,,,,
2095,Wheel Loader,6,Wheel Loader,19,Forks,W4,Carbody,Wlr-4-9,71,Wheel Loader Carbody Forks,Wheel Loader Carbody Forks,P600CBF10684 - QC600CBF10684,,"Class 600 106"" Carbody Fork, Tines: 3.5"" X 8"" X 84""","106""",,"3.5"" x 8"" x 84""",3015,,Case,Caterpillar,Doosan,Dresser,Fiat Allis,Ford,Hitachi,Hyundai,JCB,John Deere,Komatsu,Kubota,Link-Belt,Liugong,Mitsubishi,New Holland,Samsung,Sany,Terex,Vermeer,Volvo,Wacker-Neuson,Yanmar,,,,,,,,
2096,Wheel Loader,6,Wheel Loader,19,Forks,W4,Carbody,Wlr-4-9,71,Wheel Loader Carbody Forks,Wheel Loader Carbody Forks,P600CBF10696 - QC600CBF10696,,"Class 600 106"" Carbody Fork, Tines: 3.5"" X 8"" X 96""","106""",,"3.5"" x 8"" x 96""",3200,,Case,Caterpillar,Doosan,Dresser,Fiat Allis,Ford,Hitachi,Hyundai,JCB,John Deere,Komatsu,Kubota,Link-Belt,Liugong,Mitsubishi,New Holland,Samsung,Sany,Terex,Vermeer,Volvo,Wacker-Neuson,Yanmar,,,,,,,,
2097,Wheel Loader,6,Wheel Loader,19,Forks,W4,Carbody,Wlr-4-9,71,Wheel Loader Carbody Forks,Wheel Loader Carbody Forks,P700CBF12072 - QC700CBF12072,,"Class 700 120"" Carbody Fork, Tines: 4.0"" X 10"" X 72""","120""",,"4.0"" x 10"" x 72""",4300,,Case,Caterpillar,Doosan,Dresser,Fiat Allis,Ford,Hitachi,Hyundai,JCB,John Deere,Komatsu,Kubota,Link-Belt,Liugong,Mitsubishi,New Holland,Samsung,Sany,Terex,Vermeer,Volvo,Wacker-Neuson,Yanmar,,,,,,,,
2098,Wheel Loader,6,Wheel Loader,19,Forks,W4,Carbody,Wlr-4-9,71,Wheel Loader Carbody Forks,Wheel Loader Carbody Forks,P700CBF12084 - QC700CBF12084,,"Class 700 120"" Carbody Fork, Tines: 4.0"" X 10"" X 84""","120""",,"4.0"" x 10"" x 84""",4575,,Case,Caterpillar,Doosan,Dresser,Fiat Allis,Ford,Hitachi,Hyundai,JCB,John Deere,Komatsu,Kubota,Link-Belt,Liugong,Mitsubishi,New Holland,Samsung,Sany,Terex,Vermeer,Volvo,Wacker-Neuson,Yanmar,,,,,,,,
2099,Wheel Loader,6,Wheel Loader,19,Forks,W4,Carbody,Wlr-4-9,71,Wheel Loader Carbody Forks,Wheel Loader Carbody Forks,P700CBF12096 - QC700CBF12096,,"Class 700 120"" Carbody Fork, Tines: 4.0"" X 10"" X 96""","120""",,"4.0"" x 10"" x 96""",4845,,Case,Caterpillar,Doosan,Dresser,Fiat Allis,Ford,Hitachi,Hyundai,JCB,John Deere,Komatsu,Kubota,Link-Belt,Liugong,Mitsubishi,New Holland,Samsung,Sany,Terex,Vermeer,Volvo,Wacker-Neuson,Yanmar,,,,,,,,
2100,Wheel Loader,6,Wheel Loader,19,Forks,W4,Carbody,Wlr-4-9,71,Wheel Loader Carbody Forks,Wheel Loader Carbody Forks,P800CBF12084 - QC800CBF12084,,"Class 800 120"" Carbody Fork, Tines: 4.0"" X 10"" X 84""","120""",,"4.0"" x 10"" x 84""",5200,,Case,Caterpillar,Doosan,Dresser,Fiat Allis,Ford,Hitachi,Hyundai,JCB,John Deere,Komatsu,Kubota,Link-Belt,Liugong,Mitsubishi,New Holland,Samsung,Sany,Terex,Vermeer,Volvo,Wacker-Neuson,Yanmar,,,,,,,,
2101,Wheel Loader,6,Wheel Loader,19,Forks,W4,Carbody,Wlr-4-9,71,Wheel Loader Carbody Forks,Wheel Loader Carbody Forks,P800CBF12096 - QC800CBF12096,,"Class 800 120"" Carbody Fork, Tines: 4.0"" X 10"" X 96""","120""",,"4.0"" x 10"" x 96""",5470,,Case,Caterpillar,Doosan,Dresser,Fiat Allis,Ford,Hitachi,Hyundai,JCB,John Deere,Komatsu,Kubota,Link-Belt,Liugong,Mitsubishi,New Holland,Samsung,Sany,Terex,Vermeer,Volvo,Wacker-Neuson,Yanmar,,,,,,,,
2102,Wheel Loader,6,Wheel Loader,19,Forks,W4,Mill Yard,Wlr-4A-1,72,Wheel Loader Mill Yard Forks,Wheel Loader Mill Yard Forks,P200MY8048 - QC200MY8048,,"Class 200 80"" Mill Yard Fork, Tines: 5"" X 48""","80""",,"5"" x 48""",3050,,Case,Caterpillar,Doosan,Dresser,Fiat Allis,Ford,Hitachi,Hyundai,JCB,John Deere,Komatsu,Kubota,Link-Belt,Liugong,Mitsubishi,New Holland,Samsung,Sany,Terex,Vermeer,Volvo,Wacker-Neuson,Yanmar,,,,,,,,
2103,Wheel Loader,6,Wheel Loader,19,Forks,W4,Mill Yard,Wlr-4A-1,72,Wheel Loader Mill Yard Forks,Wheel Loader Mill Yard Forks,P300MY8460 - QC300MY8460,,"Class 300 84"" Mill Yard Fork, Tines: 6"" X 60""","84""",,"6"" x 60""",3250,,Case,Caterpillar,Doosan,Dresser,Fiat Allis,Ford,Hitachi,Hyundai,JCB,John Deere,Komatsu,Kubota,Link-Belt,Liugong,Mitsubishi,New Holland,Samsung,Sany,Terex,Vermeer,Volvo,Wacker-Neuson,Yanmar,,,,,,,,
2104,Wheel Loader,6,Wheel Loader,19,Forks,W4,Mill Yard,Wlr-4A-1,72,Wheel Loader Mill Yard Forks,Wheel Loader Mill Yard Forks,P500MY8460 - QC500MY8460,,"Class 500 84"" Mill Yard Fork, Tines: 6"" X 60""","84""",,"6"" x 60""",3450,,Case,Caterpillar,Doosan,Dresser,Fiat Allis,Ford,Hitachi,Hyundai,JCB,John Deere,Komatsu,Kubota,Link-Belt,Liugong,Mitsubishi,New Holland,Samsung,Sany,Terex,Vermeer,Volvo,Wacker-Neuson,Yanmar,,,,,,,,
2105,Wheel Loader,6,Wheel Loader,19,Forks,W4,Mill Yard,Wlr-4A-1,72,Wheel Loader Mill Yard Forks,Wheel Loader Mill Yard Forks,P600LMY9066 - QC600MY9066,,"Class 600 90"" Mill Yard Fork, Tines: 7"" X 66""","90""",,"7"" x 66""",4830,,Case,Caterpillar,Doosan,Dresser,Fiat Allis,Ford,Hitachi,Hyundai,JCB,John Deere,Komatsu,Kubota,Link-Belt,Liugong,Mitsubishi,New Holland,Samsung,Sany,Terex,Vermeer,Volvo,Wacker-Neuson,Yanmar,,,,,,,,
2106,Wheel Loader,6,Wheel Loader,19,Forks,W4,Mill Yard,Wlr-4A-1,72,Wheel Loader Mill Yard Forks,Wheel Loader Mill Yard Forks,P700MY10472 - QC700MY10472,,"Class 700 104"" Mill Yard Fork, Tines: 8"" X 72""","104""",,"8"" x 72""",5500,,Case,Caterpillar,Doosan,Dresser,Fiat Allis,Ford,Hitachi,Hyundai,JCB,John Deere,Komatsu,Kubota,Link-Belt,Liugong,Mitsubishi,New Holland,Samsung,Sany,Terex,Vermeer,Volvo,Wacker-Neuson,Yanmar,,,,,,,,
2107,Wheel Loader,6,Wheel Loader,19,Forks,W4,Mill Yard,Wlr-4A-1,72,Wheel Loader Mill Yard Forks,Wheel Loader Mill Yard Forks,P800MY11090 - QC800MY11090,,"Class 800 110"" Mill Yard Fork, Tines: 8"" X 90""","110""",,"8"" x 90""",6740,,Case,Caterpillar,Doosan,Dresser,Fiat Allis,Ford,Hitachi,Hyundai,JCB,John Deere,Komatsu,Kubota,Link-Belt,Liugong,Mitsubishi,New Holland,Samsung,Sany,Terex,Vermeer,Volvo,Wacker-Neuson,Yanmar,,,,,,,,
2108,Wheel Loader,6,Wheel Loader,19,Forks,W4,Pipe Grapple,Wlr-4A-2,73,Wheel Loader Pipe Grapple Forks,Wheel Loader Pipe Grapple Forks,P200PGF - QC200PGF,,"Class 200 96"" Pipe Grapple Fork, Tines: 2.5"" X 6"" X 60""","96""",,"2.5"" x 6"" x 60""",4270,,Case,Caterpillar,Doosan,Dresser,Fiat Allis,Ford,Hitachi,Hyundai,JCB,John Deere,Komatsu,Kubota,Link-Belt,Liugong,Mitsubishi,New Holland,Samsung,Sany,Terex,Vermeer,Volvo,Wacker-Neuson,Yanmar,,,,,,,,
2109,Wheel Loader,6,Wheel Loader,19,Forks,W4,Pipe Grapple,Wlr-4A-2,73,Wheel Loader Pipe Grapple Forks,Wheel Loader Pipe Grapple Forks,P300PGF - QC300PGF,,"Class 300 106"" Pipe Grapple Fork, Tines: 3.0"" X 7"" X 60""","106""",,"3.0"" x 7"" x 60""",4800,,Case,Caterpillar,Doosan,Dresser,Fiat Allis,Ford,Hitachi,Hyundai,JCB,John Deere,Komatsu,Kubota,Link-Belt,Liugong,Mitsubishi,New Holland,Samsung,Sany,Terex,Vermeer,Volvo,Wacker-Neuson,Yanmar,,,,,,,,
2110,Wheel Loader,6,Wheel Loader,19,Forks,W4,Pipe Grapple,Wlr-4A-2,73,Wheel Loader Pipe Grapple Forks,Wheel Loader Pipe Grapple Forks,P500PGF - QC500PGF,,"Class 500 106"" Pipe Grapple Fork, Tines: 3.0"" X 7"" X 60""","106""",,"3.0"" x 7"" x 60""",4800,,Case,Caterpillar,Doosan,Dresser,Fiat Allis,Ford,Hitachi,Hyundai,JCB,John Deere,Komatsu,Kubota,Link-Belt,Liugong,Mitsubishi,New Holland,Samsung,Sany,Terex,Vermeer,Volvo,Wacker-Neuson,Yanmar,,,,,,,,
2111,Wheel Loader,6,Wheel Loader,19,Forks,W4,Pipe Grapple,Wlr-4A-2,73,Wheel Loader Pipe Grapple Forks,Wheel Loader Pipe Grapple Forks,P600PGF - QC600PGF,,"Class 600 110"" Pipe Grapple Fork, Tines: 3.5"" X 8"" X 72""","110""",,"3.5"" x 8"" x 72""",5455,,Case,Caterpillar,Doosan,Dresser,Fiat Allis,Ford,Hitachi,Hyundai,JCB,John Deere,Komatsu,Kubota,Link-Belt,Liugong,Mitsubishi,New Holland,Samsung,Sany,Terex,Vermeer,Volvo,Wacker-Neuson,Yanmar,,,,,,,,
2112,Wheel Loader,6,Wheel Loader,19,Forks,W4,Pipe Grapple,Wlr-4A-2,73,Wheel Loader Pipe Grapple Forks,Wheel Loader Pipe Grapple Forks,P700PGF - QC700PGF,,"Class 700 120"" Pipe Grapple Fork, Tines: 3.5"" X 8"" X 72""","120""",,"3.5"" x 8"" x 72""",6835,,Case,Caterpillar,Doosan,Dresser,Fiat Allis,Ford,Hitachi,Hyundai,JCB,John Deere,Komatsu,Kubota,Link-Belt,Liugong,Mitsubishi,New Holland,Samsung,Sany,Terex,Vermeer,Volvo,Wacker-Neuson,Yanmar,,,,,,,,
2113,Wheel Loader,6,Wheel Loader,19,Forks,W4,Sorting Grapple,Wlr-4A-3,74,Wheel Loader Sorting Grapple Forks,Wheel Loader Sorting Grapple Forks,P300SG6436 - QC300SG6436,,"Class 300 64"" Sorting Grapple Fork, Tines: 36""","64""",,"36""",3600,,Case,Caterpillar,Doosan,Dresser,Fiat Allis,Ford,Hitachi,Hyundai,JCB,John Deere,Komatsu,Kubota,Link-Belt,Liugong,Mitsubishi,New Holland,Samsung,Sany,Terex,Vermeer,Volvo,Wacker-Neuson,Yanmar,,,,,,,,
2114,Wheel Loader,6,Wheel Loader,19,Forks,W4,Sorting Grapple,Wlr-4A-3,74,Wheel Loader Sorting Grapple Forks,Wheel Loader Sorting Grapple Forks,P500SG6448 - QC500SG6448,,"Class 500 64"" Sorting Grapple Fork, Tines: 48""","64""",,"48""",4165,,Case,Caterpillar,Doosan,Dresser,Fiat Allis,Ford,Hitachi,Hyundai,JCB,John Deere,Komatsu,Kubota,Link-Belt,Liugong,Mitsubishi,New Holland,Samsung,Sany,Terex,Vermeer,Volvo,Wacker-Neuson,Yanmar,,,,,,,,
2115,Wheel Loader,6,Wheel Loader,19,Forks,W4,Sorting Grapple,Wlr-4A-3,74,Wheel Loader Sorting Grapple Forks,Wheel Loader Sorting Grapple Forks,P600SG7654 - QC600SG7654,,"Class 600 76"" Sorting Grapple Fork, Tines: 54""","76""",,"54""",6350,,Case,Caterpillar,Doosan,Dresser,Fiat Allis,Ford,Hitachi,Hyundai,JCB,John Deere,Komatsu,Kubota,Link-Belt,Liugong,Mitsubishi,New Holland,Samsung,Sany,Terex,Vermeer,Volvo,Wacker-Neuson,Yanmar,,,,,,,,
2116,Wheel Loader,6,Wheel Loader,19,Forks,W4,Sorting Grapple,Wlr-4A-3,74,Wheel Loader Sorting Grapple Forks,Wheel Loader Sorting Grapple Forks,P700SG8058 - QC700SG8058,,"Class 700 78"" Sorting Grapple Fork, Tines: 58""","78""",,"58""",7100,,Case,Caterpillar,Doosan,Dresser,Fiat Allis,Ford,Hitachi,Hyundai,JCB,John Deere,Komatsu,Kubota,Link-Belt,Liugong,Mitsubishi,New Holland,Samsung,Sany,Terex,Vermeer,Volvo,Wacker-Neuson,Yanmar,,,,,,,,
2117,Wheel Loader,6,Wheel Loader,19,Forks,W4,Sorting Grapple,Wlr-4A-3,74,Wheel Loader Sorting Grapple Forks,Wheel Loader Sorting Grapple Forks,P800SG8460 - QC800SG8460,,"Class 800 84"" Sorting Grapple Fork, Tines: 60""","84""",,"60""",8050,,Case,Caterpillar,Doosan,Dresser,Fiat Allis,Ford,Hitachi,Hyundai,JCB,John Deere,Komatsu,Kubota,Link-Belt,Liugong,Mitsubishi,New Holland,Samsung,Sany,Terex,Vermeer,Volvo,Wacker-Neuson,Yanmar,,,,,,,,
2118,Wheel Loader,6,Wheel Loader,19,Rakes,W5,Standard,Wlr-5-1,75,Wheel Loader Standard Rakes,Wheel Loader Standard Rakes,P100LR - QC100LR,,"Class 100 94"" Standard Rake","94""",,,1550,,Case,Caterpillar,Doosan,Dresser,Fiat Allis,Ford,Hitachi,Hyundai,JCB,John Deere,Komatsu,Kubota,Link-Belt,Liugong,Mitsubishi,New Holland,Samsung,Sany,Terex,Vermeer,Volvo,Wacker-Neuson,Yanmar,,,,,,,,
2119,Wheel Loader,6,Wheel Loader,19,Rakes,W5,Standard,Wlr-5-1,75,Wheel Loader Standard Rakes,Wheel Loader Standard Rakes,P200LR - QC200LR,,"Class 200 96"" Standard Rake","96""",,,2350,,Case,Caterpillar,Doosan,Dresser,Fiat Allis,Ford,Hitachi,Hyundai,JCB,John Deere,Komatsu,Kubota,Link-Belt,Liugong,Mitsubishi,New Holland,Samsung,Sany,Terex,Vermeer,Volvo,Wacker-Neuson,Yanmar,,,,,,,,
2120,Wheel Loader,6,Wheel Loader,19,Rakes,W5,Standard,Wlr-5-1,75,Wheel Loader Standard Rakes,Wheel Loader Standard Rakes,P300LR - QC300LR,,"Class 300 106"" Standard Rake","106""",,,2450,,Case,Caterpillar,Doosan,Dresser,Fiat Allis,Ford,Hitachi,Hyundai,JCB,John Deere,Komatsu,Kubota,Link-Belt,Liugong,Mitsubishi,New Holland,Samsung,Sany,Terex,Vermeer,Volvo,Wacker-Neuson,Yanmar,,,,,,,,
2121,Wheel Loader,6,Wheel Loader,19,Rakes,W5,Standard,Wlr-5-1,75,Wheel Loader Standard Rakes,Wheel Loader Standard Rakes,P500LR - QC500LR,,"Class 500 106"" Standard Rake","106""",,,2450,,Case,Caterpillar,Doosan,Dresser,Fiat Allis,Ford,Hitachi,Hyundai,JCB,John Deere,Komatsu,Kubota,Link-Belt,Liugong,Mitsubishi,New Holland,Samsung,Sany,Terex,Vermeer,Volvo,Wacker-Neuson,Yanmar,,,,,,,,
2122,Wheel Loader,6,Wheel Loader,19,Rakes,W5,Standard,Wlr-5-1,75,Wheel Loader Standard Rakes,Wheel Loader Standard Rakes,P600LR - QC600LR,,"Class 600 114"" Standard Rake","114""",,,3950,,Case,Caterpillar,Doosan,Dresser,Fiat Allis,Ford,Hitachi,Hyundai,JCB,John Deere,Komatsu,Kubota,Link-Belt,Liugong,Mitsubishi,New Holland,Samsung,Sany,Terex,Vermeer,Volvo,Wacker-Neuson,Yanmar,,,,,,,,
2123,Wheel Loader,6,Wheel Loader,19,Rakes,W5,Standard,Wlr-5-1,75,Wheel Loader Standard Rakes,Wheel Loader Standard Rakes,P700LR - QC700LR,,"Class 700 122"" Standard Rake","122""",,,4650,,Case,Caterpillar,Doosan,Dresser,Fiat Allis,Ford,Hitachi,Hyundai,JCB,John Deere,Komatsu,Kubota,Link-Belt,Liugong,Mitsubishi,New Holland,Samsung,Sany,Terex,Vermeer,Volvo,Wacker-Neuson,Yanmar,,,,,,,,
2124,Wheel Loader,6,Wheel Loader,19,Rakes,W5,Standard,Wlr-5-1,75,Wheel Loader Standard Rakes,Wheel Loader Standard Rakes,P800LR - QC800LR,,"Class 800 135"" Standard Rake","135""",,,5950,,Case,Caterpillar,Doosan,Dresser,Fiat Allis,Ford,Hitachi,Hyundai,JCB,John Deere,Komatsu,Kubota,Link-Belt,Liugong,Mitsubishi,New Holland,Samsung,Sany,Terex,Vermeer,Volvo,Wacker-Neuson,Yanmar,,,,,,,,
2125,Wheel Loader,6,Wheel Loader,19,Rakes,W5,Stacking,Wlr-5-2,76,Wheel Loader Stacking Rakes,Wheel Loader Stacking Rakes,P100SR - QC100SR,,"Class 100 94"" Stacking Rake","94""",,,1730,,Case,Caterpillar,Doosan,Dresser,Fiat Allis,Ford,Hitachi,Hyundai,JCB,John Deere,Komatsu,Kubota,Link-Belt,Liugong,Mitsubishi,New Holland,Samsung,Sany,Terex,Vermeer,Volvo,Wacker-Neuson,Yanmar,,,,,,,,
2126,Wheel Loader,6,Wheel Loader,19,Rakes,W5,Stacking,Wlr-5-2,76,Wheel Loader Stacking Rakes,Wheel Loader Stacking Rakes,P200SR - QC200SR,,"Class 200 96"" Stacking Rake","96""",,,2630,,Case,Caterpillar,Doosan,Dresser,Fiat Allis,Ford,Hitachi,Hyundai,JCB,John Deere,Komatsu,Kubota,Link-Belt,Liugong,Mitsubishi,New Holland,Samsung,Sany,Terex,Vermeer,Volvo,Wacker-Neuson,Yanmar,,,,,,,,
2127,Wheel Loader,6,Wheel Loader,19,Rakes,W5,Stacking,Wlr-5-2,76,Wheel Loader Stacking Rakes,Wheel Loader Stacking Rakes,P300SR - QC300SR,,"Class 300 106"" Stacking Rake","106""",,,2740,,Case,Caterpillar,Doosan,Dresser,Fiat Allis,Ford,Hitachi,Hyundai,JCB,John Deere,Komatsu,Kubota,Link-Belt,Liugong,Mitsubishi,New Holland,Samsung,Sany,Terex,Vermeer,Volvo,Wacker-Neuson,Yanmar,,,,,,,,
2128,Wheel Loader,6,Wheel Loader,19,Rakes,W5,Stacking,Wlr-5-2,76,Wheel Loader Stacking Rakes,Wheel Loader Stacking Rakes,P500SR - QC500SR,,"Class 500 106"" Stacking Rake","106""",,,2740,,Case,Caterpillar,Doosan,Dresser,Fiat Allis,Ford,Hitachi,Hyundai,JCB,John Deere,Komatsu,Kubota,Link-Belt,Liugong,Mitsubishi,New Holland,Samsung,Sany,Terex,Vermeer,Volvo,Wacker-Neuson,Yanmar,,,,,,,,
2129,Wheel Loader,6,Wheel Loader,19,Rakes,W5,Stacking,Wlr-5-2,76,Wheel Loader Stacking Rakes,Wheel Loader Stacking Rakes,P600SR - QC600SR,,"Class 600 114"" Stacking Rake","114""",,,4425,,Case,Caterpillar,Doosan,Dresser,Fiat Allis,Ford,Hitachi,Hyundai,JCB,John Deere,Komatsu,Kubota,Link-Belt,Liugong,Mitsubishi,New Holland,Samsung,Sany,Terex,Vermeer,Volvo,Wacker-Neuson,Yanmar,,,,,,,,
2130,Wheel Loader,6,Wheel Loader,19,Rakes,W5,Stacking,Wlr-5-2,76,Wheel Loader Stacking Rakes,Wheel Loader Stacking Rakes,P700SR - QC700SR,,"Class 700 122"" Stacking Rake","122""",,,5200,,Case,Caterpillar,Doosan,Dresser,Fiat Allis,Ford,Hitachi,Hyundai,JCB,John Deere,Komatsu,Kubota,Link-Belt,Liugong,Mitsubishi,New Holland,Samsung,Sany,Terex,Vermeer,Volvo,Wacker-Neuson,Yanmar,,,,,,,,
2131,Wheel Loader,6,Wheel Loader,19,Rakes,W5,Stacking,Wlr-5-2,76,Wheel Loader Stacking Rakes,Wheel Loader Stacking Rakes,P800SR - QC800SR,,"Class 800 135"" Stacking Rake","135""",,,6650,,Case,Caterpillar,Doosan,Dresser,Fiat Allis,Ford,Hitachi,Hyundai,JCB,John Deere,Komatsu,Kubota,Link-Belt,Liugong,Mitsubishi,New Holland,Samsung,Sany,Terex,Vermeer,Volvo,Wacker-Neuson,Yanmar,,,,,,,,
2132,Wheel Loader,6,Wheel Loader,19,Rakes,W5,Independent Top Clamp Standard,Wlr-5-3,77,Wheel Loader Independent Top Clamp Standard Rakes,Wheel Loader Independent Top Clamp Standard Rakes,P100LRHC - QC100LRHC,,"Class 100 94"" Independent Top Clamp Standard Rake","94""",,,2210,,Case,Caterpillar,Doosan,Dresser,Fiat Allis,Ford,Hitachi,Hyundai,JCB,John Deere,Komatsu,Kubota,Link-Belt,Liugong,Mitsubishi,New Holland,Samsung,Sany,Terex,Vermeer,Volvo,Wacker-Neuson,Yanmar,,,,,,,,
2133,Wheel Loader,6,Wheel Loader,19,Rakes,W5,Independent Top Clamp Standard,Wlr-5-3,77,Wheel Loader Independent Top Clamp Standard Rakes,Wheel Loader Independent Top Clamp Standard Rakes,P200LRHC - QC200LRHC,,"Class 200 96"" Independent Top Clamp Standard Rake","96""",,,3350,,Case,Caterpillar,Doosan,Dresser,Fiat Allis,Ford,Hitachi,Hyundai,JCB,John Deere,Komatsu,Kubota,Link-Belt,Liugong,Mitsubishi,New Holland,Samsung,Sany,Terex,Vermeer,Volvo,Wacker-Neuson,Yanmar,,,,,,,,
2134,Wheel Loader,6,Wheel Loader,19,Rakes,W5,Independent Top Clamp Standard,Wlr-5-3,77,Wheel Loader Independent Top Clamp Standard Rakes,Wheel Loader Independent Top Clamp Standard Rakes,P300LRHC - QC300LRHC,,"Class 300 106"" Independent Top Clamp Standard Rake","106""",,,3500,,Case,Caterpillar,Doosan,Dresser,Fiat Allis,Ford,Hitachi,Hyundai,JCB,John Deere,Komatsu,Kubota,Link-Belt,Liugong,Mitsubishi,New Holland,Samsung,Sany,Terex,Vermeer,Volvo,Wacker-Neuson,Yanmar,,,,,,,,
2135,Wheel Loader,6,Wheel Loader,19,Rakes,W5,Independent Top Clamp Standard,Wlr-5-3,77,Wheel Loader Independent Top Clamp Standard Rakes,Wheel Loader Independent Top Clamp Standard Rakes,P500LRHC - QC500LRHC,,"Class 500 106"" Independent Top Clamp Standard Rake","106""",,,3500,,Case,Caterpillar,Doosan,Dresser,Fiat Allis,Ford,Hitachi,Hyundai,JCB,John Deere,Komatsu,Kubota,Link-Belt,Liugong,Mitsubishi,New Holland,Samsung,Sany,Terex,Vermeer,Volvo,Wacker-Neuson,Yanmar,,,,,,,,
2136,Wheel Loader,6,Wheel Loader,19,Rakes,W5,Independent Top Clamp Standard,Wlr-5-3,77,Wheel Loader Independent Top Clamp Standard Rakes,Wheel Loader Independent Top Clamp Standard Rakes,P600LRHC - QC600LRHC,,"Class 600 114"" Independent Top Clamp Standard Rake","114""",,,4650,,Case,Caterpillar,Doosan,Dresser,Fiat Allis,Ford,Hitachi,Hyundai,JCB,John Deere,Komatsu,Kubota,Link-Belt,Liugong,Mitsubishi,New Holland,Samsung,Sany,Terex,Vermeer,Volvo,Wacker-Neuson,Yanmar,,,,,,,,
2137,Wheel Loader,6,Wheel Loader,19,Rakes,W5,Independent Top Clamp Standard,Wlr-5-3,77,Wheel Loader Independent Top Clamp Standard Rakes,Wheel Loader Independent Top Clamp Standard Rakes,P700LRHC - QC700LRHC,,"Class 700 122"" Independent Top Clamp Standard Rake","122""",,,5475,,Case,Caterpillar,Doosan,Dresser,Fiat Allis,Ford,Hitachi,Hyundai,JCB,John Deere,Komatsu,Kubota,Link-Belt,Liugong,Mitsubishi,New Holland,Samsung,Sany,Terex,Vermeer,Volvo,Wacker-Neuson,Yanmar,,,,,,,,
2138,Wheel Loader,6,Wheel Loader,19,Rakes,W5,Independent Top Clamp Standard,Wlr-5-3,77,Wheel Loader Independent Top Clamp Standard Rakes,Wheel Loader Independent Top Clamp Standard Rakes,P800LRHC - QC800LRHC,,"Class 800 135"" Independent Top Clamp Standard Rake","135""",,,7000,,Case,Caterpillar,Doosan,Dresser,Fiat Allis,Ford,Hitachi,Hyundai,JCB,John Deere,Komatsu,Kubota,Link-Belt,Liugong,Mitsubishi,New Holland,Samsung,Sany,Terex,Vermeer,Volvo,Wacker-Neuson,Yanmar,,,,,,,,
2139,Wheel Loader,6,Wheel Loader,19,Rakes,W5,Independent Top Clamp Stacking,Wlr-5-4,78,Wheel Loader Independent Top Clamp Stacking Rakes,Wheel Loader Independent Top Clamp Stacking Rakes,P100SRHC - QC100SRHC,,"Class 100 94"" Independent Top Clamp Stacking Rake","94""",,,2390,,Case,Caterpillar,Doosan,Dresser,Fiat Allis,Ford,Hitachi,Hyundai,JCB,John Deere,Komatsu,Kubota,Link-Belt,Liugong,Mitsubishi,New Holland,Samsung,Sany,Terex,Vermeer,Volvo,Wacker-Neuson,Yanmar,,,,,,,,
2140,Wheel Loader,6,Wheel Loader,19,Rakes,W5,Independent Top Clamp Stacking,Wlr-5-4,78,Wheel Loader Independent Top Clamp Stacking Rakes,Wheel Loader Independent Top Clamp Stacking Rakes,P200SRHC - QC200SRHC,,"Class 200 96"" Independent Top Clamp Stacking Rake","96""",,,3630,,Case,Caterpillar,Doosan,Dresser,Fiat Allis,Ford,Hitachi,Hyundai,JCB,John Deere,Komatsu,Kubota,Link-Belt,Liugong,Mitsubishi,New Holland,Samsung,Sany,Terex,Vermeer,Volvo,Wacker-Neuson,Yanmar,,,,,,,,
2141,Wheel Loader,6,Wheel Loader,19,Rakes,W5,Independent Top Clamp Stacking,Wlr-5-4,78,Wheel Loader Independent Top Clamp Stacking Rakes,Wheel Loader Independent Top Clamp Stacking Rakes,P300SRHC - QC300SRHC,,"Class 300 106"" Independent Top Clamp Stacking Rake","106""",,,3790,,Case,Caterpillar,Doosan,Dresser,Fiat Allis,Ford,Hitachi,Hyundai,JCB,John Deere,Komatsu,Kubota,Link-Belt,Liugong,Mitsubishi,New Holland,Samsung,Sany,Terex,Vermeer,Volvo,Wacker-Neuson,Yanmar,,,,,,,,
2142,Wheel Loader,6,Wheel Loader,19,Rakes,W5,Independent Top Clamp Stacking,Wlr-5-4,78,Wheel Loader Independent Top Clamp Stacking Rakes,Wheel Loader Independent Top Clamp Stacking Rakes,P500SRHC - QC500SRHC,,"Class 500 106"" Independent Top Clamp Stacking Rake","106""",,,3790,,Case,Caterpillar,Doosan,Dresser,Fiat Allis,Ford,Hitachi,Hyundai,JCB,John Deere,Komatsu,Kubota,Link-Belt,Liugong,Mitsubishi,New Holland,Samsung,Sany,Terex,Vermeer,Volvo,Wacker-Neuson,Yanmar,,,,,,,,
2143,Wheel Loader,6,Wheel Loader,19,Rakes,W5,Independent Top Clamp Stacking,Wlr-5-4,78,Wheel Loader Independent Top Clamp Stacking Rakes,Wheel Loader Independent Top Clamp Stacking Rakes,P600SRHC - QC600SRHC,,"Class 600 114"" Independent Top Clamp Stacking Rake","114""",,,5125,,Case,Caterpillar,Doosan,Dresser,Fiat Allis,Ford,Hitachi,Hyundai,JCB,John Deere,Komatsu,Kubota,Link-Belt,Liugong,Mitsubishi,New Holland,Samsung,Sany,Terex,Vermeer,Volvo,Wacker-Neuson,Yanmar,,,,,,,,
2144,Wheel Loader,6,Wheel Loader,19,Rakes,W5,Independent Top Clamp Stacking,Wlr-5-4,78,Wheel Loader Independent Top Clamp Stacking Rakes,Wheel Loader Independent Top Clamp Stacking Rakes,P700SRHC - QC700SRHC,,"Class 700 122"" Independent Top Clamp Stacking Rake","122""",,,6025,,Case,Caterpillar,Doosan,Dresser,Fiat Allis,Ford,Hitachi,Hyundai,JCB,John Deere,Komatsu,Kubota,Link-Belt,Liugong,Mitsubishi,New Holland,Samsung,Sany,Terex,Vermeer,Volvo,Wacker-Neuson,Yanmar,,,,,,,,
2145,Wheel Loader,6,Wheel Loader,19,Rakes,W5,Independent Top Clamp Stacking,Wlr-5-4,78,Wheel Loader Independent Top Clamp Stacking Rakes,Wheel Loader Independent Top Clamp Stacking Rakes,P800SRHC - QC800SRHC,,"Class 800 135"" Independent Top Clamp Stacking Rake","135""",,,7700,,Case,Caterpillar,Doosan,Dresser,Fiat Allis,Ford,Hitachi,Hyundai,JCB,John Deere,Komatsu,Kubota,Link-Belt,Liugong,Mitsubishi,New Holland,Samsung,Sany,Terex,Vermeer,Volvo,Wacker-Neuson,Yanmar,,,,,,,,
2146,Wheel Loader,6,Wheel Loader,19,Rakes,W5,Bio Mass,Wlr-5-5,79,Wheel Loader Bio Mass Rakes,Wheel Loader Bio Mass Rakes,P100BMR - QC100BMR,,"Class 100 94"" Bio Mass Rake","94""",,,2600,,Case,Caterpillar,Doosan,Dresser,Fiat Allis,Ford,Hitachi,Hyundai,JCB,John Deere,Komatsu,Kubota,Link-Belt,Liugong,Mitsubishi,New Holland,Samsung,Sany,Terex,Vermeer,Volvo,Wacker-Neuson,Yanmar,,,,,,,,
2147,Wheel Loader,6,Wheel Loader,19,Rakes,W5,Bio Mass,Wlr-5-5,79,Wheel Loader Bio Mass Rakes,Wheel Loader Bio Mass Rakes,P200BMR - QC200BMR,,"Class 200 96"" Bio Mass Rake","96""",,,3600,,Case,Caterpillar,Doosan,Dresser,Fiat Allis,Ford,Hitachi,Hyundai,JCB,John Deere,Komatsu,Kubota,Link-Belt,Liugong,Mitsubishi,New Holland,Samsung,Sany,Terex,Vermeer,Volvo,Wacker-Neuson,Yanmar,,,,,,,,
2148,Wheel Loader,6,Wheel Loader,19,Rakes,W5,Bio Mass,Wlr-5-5,79,Wheel Loader Bio Mass Rakes,Wheel Loader Bio Mass Rakes,P300BMR - QC300BMR,,"Class 300 106"" Bio Mass Rake","106""",,,3860,,Case,Caterpillar,Doosan,Dresser,Fiat Allis,Ford,Hitachi,Hyundai,JCB,John Deere,Komatsu,Kubota,Link-Belt,Liugong,Mitsubishi,New Holland,Samsung,Sany,Terex,Vermeer,Volvo,Wacker-Neuson,Yanmar,,,,,,,,
2149,Wheel Loader,6,Wheel Loader,19,Rakes,W5,Bio Mass,Wlr-5-5,79,Wheel Loader Bio Mass Rakes,Wheel Loader Bio Mass Rakes,P500BMR - QC500BMR,,"Class 500 106"" Bio Mass Rake","106""",,,4000,,Case,Caterpillar,Doosan,Dresser,Fiat Allis,Ford,Hitachi,Hyundai,JCB,John Deere,Komatsu,Kubota,Link-Belt,Liugong,Mitsubishi,New Holland,Samsung,Sany,Terex,Vermeer,Volvo,Wacker-Neuson,Yanmar,,,,,,,,
2150,Wheel Loader,6,Wheel Loader,19,Rakes,W5,Bio Mass,Wlr-5-5,79,Wheel Loader Bio Mass Rakes,Wheel Loader Bio Mass Rakes,P600BMR - QC600BMR,,"Class 600 114"" Bio Mass Rake","114""",,,5150,,Case,Caterpillar,Doosan,Dresser,Fiat Allis,Ford,Hitachi,Hyundai,JCB,John Deere,Komatsu,Kubota,Link-Belt,Liugong,Mitsubishi,New Holland,Samsung,Sany,Terex,Vermeer,Volvo,Wacker-Neuson,Yanmar,,,,,,,,
2151,Wheel Loader,6,Wheel Loader,19,Rakes,W5,Bio Mass,Wlr-5-5,79,Wheel Loader Bio Mass Rakes,Wheel Loader Bio Mass Rakes,P700BMR - QC700BMR,,"Class 700 122"" Bio Mass Rake","122""",,,6000,,Case,Caterpillar,Doosan,Dresser,Fiat Allis,Ford,Hitachi,Hyundai,JCB,John Deere,Komatsu,Kubota,Link-Belt,Liugong,Mitsubishi,New Holland,Samsung,Sany,Terex,Vermeer,Volvo,Wacker-Neuson,Yanmar,,,,,,,,
2152,Wheel Loader,6,Wheel Loader,19,Rakes,W5,Bio Mass,Wlr-5-5,79,Wheel Loader Bio Mass Rakes,Wheel Loader Bio Mass Rakes,P800BMR - QC800BMR,,"Class 800 135"" Bio Mass Rake","135""",,,7750,,Case,Caterpillar,Doosan,Dresser,Fiat Allis,Ford,Hitachi,Hyundai,JCB,John Deere,Komatsu,Kubota,Link-Belt,Liugong,Mitsubishi,New Holland,Samsung,Sany,Terex,Vermeer,Volvo,Wacker-Neuson,Yanmar,,,,,,,,
2153,Wheel Loader,6,Wheel Loader,19,Booms,W6,Fixed,Wlr-6-1,80,Wheel Loader Fixed Booms,Wheel Loader Fixed Booms,P100FB6 - QC100FB6,,"Class 100 Fixed Boom 6' - 0""","6' - 0""",> MACHINE TIPPING LOAD,,600,,Case,Caterpillar,Doosan,Dresser,Fiat Allis,Ford,Hitachi,Hyundai,JCB,John Deere,Komatsu,Kubota,Link-Belt,Liugong,Mitsubishi,New Holland,Samsung,Sany,Terex,Vermeer,Volvo,Wacker-Neuson,Yanmar,,,,,,,,
2154,Wheel Loader,6,Wheel Loader,19,Booms,W6,Fixed,Wlr-6-1,80,Wheel Loader Fixed Booms,Wheel Loader Fixed Booms,P100FB8 - QC100FB8,,"Class 100 Fixed Boom 8' - 0""","8' - 0""",> MACHINE TIPPING LOAD,,685,,Case,Caterpillar,Doosan,Dresser,Fiat Allis,Ford,Hitachi,Hyundai,JCB,John Deere,Komatsu,Kubota,Link-Belt,Liugong,Mitsubishi,New Holland,Samsung,Sany,Terex,Vermeer,Volvo,Wacker-Neuson,Yanmar,,,,,,,,
2155,Wheel Loader,6,Wheel Loader,19,Booms,W6,Extendable,Wlr-6-2,81,Wheel Loader Extendable Booms,Wheel Loader Extendable Booms,P200EB - QC200EB,,"Class 200 Extendable Boom 7' - 3"" / 13' - 6""","7' - 3"" / 13' - 6""",> MACHINE TIPPING LOAD,,1125,,Case,Caterpillar,Doosan,Dresser,Fiat Allis,Ford,Hitachi,Hyundai,JCB,John Deere,Komatsu,Kubota,Link-Belt,Liugong,Mitsubishi,New Holland,Samsung,Sany,Terex,Vermeer,Volvo,Wacker-Neuson,Yanmar,,,,,,,,
2156,Wheel Loader,6,Wheel Loader,19,Booms,W6,Extendable,Wlr-6-2,81,Wheel Loader Extendable Booms,Wheel Loader Extendable Booms,P300EB - QC300EB,,"Class 300 Extendable Boom 7' - 3"" / 13' - 6""","7' - 3"" / 13' - 6""",> MACHINE TIPPING LOAD,,1125,,Case,Caterpillar,Doosan,Dresser,Fiat Allis,Ford,Hitachi,Hyundai,JCB,John Deere,Komatsu,Kubota,Link-Belt,Liugong,Mitsubishi,New Holland,Samsung,Sany,Terex,Vermeer,Volvo,Wacker-Neuson,Yanmar,,,,,,,,
2157,Wheel Loader,6,Wheel Loader,19,Booms,W6,Extendable,Wlr-6-2,81,Wheel Loader Extendable Booms,Wheel Loader Extendable Booms,P500EB - QC500EB,,"Class 500 Extendable Boom 7' - 3"" / 13' - 6""","7' - 3"" / 13' - 6""",> MACHINE TIPPING LOAD,,1125,,Case,Caterpillar,Doosan,Dresser,Fiat Allis,Ford,Hitachi,Hyundai,JCB,John Deere,Komatsu,Kubota,Link-Belt,Liugong,Mitsubishi,New Holland,Samsung,Sany,Terex,Vermeer,Volvo,Wacker-Neuson,Yanmar,,,,,,,,
2158,Wheel Loader,6,Wheel Loader,19,Booms,W6,Extendable,Wlr-6-2,81,Wheel Loader Extendable Booms,Wheel Loader Extendable Booms,P600EB - QC600EB,,"Class 600 Extendable Boom 7' - 3"" / 13' - 6""","7' - 3"" / 13' - 6""",> MACHINE TIPPING LOAD,,1125,,Case,Caterpillar,Doosan,Dresser,Fiat Allis,Ford,Hitachi,Hyundai,JCB,John Deere,Komatsu,Kubota,Link-Belt,Liugong,Mitsubishi,New Holland,Samsung,Sany,Terex,Vermeer,Volvo,Wacker-Neuson,Yanmar,,,,,,,,
2159,Wheel Loader,6,Wheel Loader,19,Booms,W6,Extendable,Wlr-6-2,81,Wheel Loader Extendable Booms,Wheel Loader Extendable Booms,P700EB - QC700EB,,"Class 700 Extendable Boom 8' - 2"" / 12' - 0""","8' - 2"" / 12' - 0""",> MACHINE TIPPING LOAD,,1150,,Case,Caterpillar,Doosan,Dresser,Fiat Allis,Ford,Hitachi,Hyundai,JCB,John Deere,Komatsu,Kubota,Link-Belt,Liugong,Mitsubishi,New Holland,Samsung,Sany,Terex,Vermeer,Volvo,Wacker-Neuson,Yanmar,,,,,,,,
2160,Wheel Loader,6,Wheel Loader,19,Booms,W6,Extendable,Wlr-6-2,81,Wheel Loader Extendable Booms,Wheel Loader Extendable Booms,P800EB - QC800EB,,"Class 800 Extendable Boom 8' - 2"" / 12' - 0""","8' - 2"" / 12' - 0""",> MACHINE TIPPING LOAD,,1150,,Case,Caterpillar,Doosan,Dresser,Fiat Allis,Ford,Hitachi,Hyundai,JCB,John Deere,Komatsu,Kubota,Link-Belt,Liugong,Mitsubishi,New Holland,Samsung,Sany,Terex,Vermeer,Volvo,Wacker-Neuson,Yanmar,,,,,,,,